<?xml version='1.0' encoding='utf-8'?>
<!DOCTYPE hibernate-configuration PUBLIC
        "-//Hibernate/Hibernate Configuration DTD 3.0//EN"
        "http://www.hibernate.org/dtd/hibernate-configuration-3.0.dtd">
<hibernate-configuration>        
  <session-factory>
    <!-- Database connection settings -->
    <property name="hibernate.dialect">org.hibernate.dialect.MySQLDialect</property>
    <property name="connection.driver_class">com.mysql.jdbc.Driver</property>
    <!-- <property name="connection.url">jdbc:mysql://10.21.9.198:3360/smsc</property>  -->     
    <!--<property name="connection.username">sms_admin</property>  -->
    <!--<property name="connection.password">sms_admin</property>     -->
    <property name="show_sql">true</property>
    
	 <!-- Connection Pooling  -->	 
	 <property name="hibernate.connection.provider_class">org.hibernate.connection.C3P0ConnectionProvider</property>
	 <property name="hibernate.c3p0.min_size">15</property>
	 <property name="hibernate.c3p0.max_size">53</property>
	 <property name="hibernate.c3p0.timeout">60</property>
	 <property name="hibernate.c3p0.max_statements">50</property>
	 <property name="hibernate.c3p0.idle_test_period">50</property>
	 <property name="hibernate.c3p0.validate">true</property>
	 <property name="hibernate.connection.provider_class">org.hibernate.service.jdbc.connections.internal.C3P0ConnectionProvider</property>
 
	 
    
    <mapping resource="com/wipro/gp/bean/ValidSms.hbm.xml"/>
    <mapping resource="com/wipro/gp/bean/InValidSms.hbm.xml"/>
  </session-factory>
</hibernate-configuration>