<?xml version="1.0" encoding="UTF-8"?>
<configuration scan="true">
 
 <!--    <appender name="consoleAppender" class="ch.qos.logback.core.ConsoleAppender">
        <encoder>
            <charset>UTF-8</charset>
  			<pattern>-> %d [%thread]  %logger{46} %-5level %X{interfaceName} : %msg%n</pattern> 
        </encoder>
    </appender> -->


    <appender name="FILE" class="ch.qos.logback.core.rolling.RollingFileAppender">
        <file>./logs/EPCLOG.log</file>
        <prudent>true</prudent>
        <rollingPolicy class="ch.qos.logback.core.rolling.TimeBasedRollingPolicy">
            <!-- daily rollover. Make sure the path matches the one in the file element or else
             the rollover logs are placed in the working directory. -->
            <fileNamePattern>logs/EPC_%d{yyyy-MM-dd}.%i.log</fileNamePattern>
            <timeBasedFileNamingAndTriggeringPolicy class="ch.qos.logback.core.rolling.SizeAndTimeBasedFNATP">
                <maxFileSize>5MB</maxFileSize>
            </timeBasedFileNamingAndTriggeringPolicy>
         
        </rollingPolicy>

        <encoder>
            <charset>UTF-8</charset>
             <pattern>-> %d [%thread] %logger{46} %-5level %X{interfaceName} : %msg%n</pattern>
        </encoder>
    </appender>
    
     <appender name="ASYNC" class="ch.qos.logback.classic.AsyncAppender">
    	<queueSize>5000000</queueSize>
   		<discardingThreshold>0</discardingThreshold>
        <appender-ref ref="FILE" />
    </appender>

    <appender name="DB" class="ch.qos.logback.classic.db.DBAppender">
		     
		    <!-- jboss DB --> 
		    <connectionSource class="ch.qos.logback.core.db.JNDIConnectionSource">
		     <jndiLocation>java:jboss/datasources/EPCJDBCDataSource</jndiLocation>
			</connectionSource>
			  
	</appender> 
 
  
    <root level="INFO">
      <!--   <appender-ref ref="consoleAppender" />
        <appender-ref ref="FILE"/> -->
        <!-- <appender-ref ref="DB"/> -->
         <appender-ref ref="ASYNC"/>
    </root>
    
       
    
</configuration>