<?xml version="1.0" encoding="UTF-8"?>
<configuration scan="true">
 
<!--     <appender name="consoleAppender" class="ch.qos.logback.core.ConsoleAppender">
        <encoder>
            <charset>UTF-8</charset>
  			<pattern>-> %d [%thread]  %logger{46} %-5level %X{interfaceName} : %msg%n</pattern> 
        </encoder>
    </appender> -->

    <appender name="FILE" class="ch.qos.logback.core.rolling.RollingFileAppender">
        <file>./logs/EPCLOG.log</file>
        <rollingPolicy class="ch.qos.logback.core.rolling.TimeBasedRollingPolicy">
            <!-- daily rollover. Make sure the path matches the one in the file element or else
             the rollover logs are placed in the working directory. -->
            <fileNamePattern>logs/EPC_%d{yyyy-MM-dd}.%i.log</fileNamePattern>
            <timeBasedFileNamingAndTriggeringPolicy class="ch.qos.logback.core.rolling.SizeAndTimeBasedFNATP">
                <maxFileSize>5MB</maxFileSize>
            </timeBasedFileNamingAndTriggeringPolicy>
         
        </rollingPolicy>

        <encoder>
            <charset>UTF-8</charset>
             <pattern>-> %d [%thread] %logger{46} %-5level %X{interfaceName} : %msg%n</pattern>
        </encoder>
    </appender>
    
   <!-- <springProperty scope="context" name="spring.profiles.active" source="src/main/resources/application.properties" defaultValue="localhost"/> -->  
   <appender name="DB" class="ch.qos.logback.classic.db.DBAppender">
   <!-- <remoteHost>${spring.profiles.active}</remoteHost> -->
   		    
<!-- 		  H2 DB
	<springProfile name="nonjndi-h2">
		<connectionSource
			class="ch.qos.logback.core.db.DriverManagerConnectionSource">
			<driverClass>org.h2.Driver</driverClass>
			<url>jdbc:h2:~/h2dir/rel10011;MODE=MYSQL;DB_CLOSE_ON_EXIT=FALSE</url>
			<user>sa</user>
			<password></password>
		</connectionSource>
	</springProfile> -->
	
          <!-- MYSQL DB -->
	<springProfile name="nonjndi-mysql">
		<connectionSource
			class="ch.qos.logback.core.db.DriverManagerConnectionSource">
			<driverClass>com.mysql.jdbc.Driver</driverClass>
			<url>jdbc:mysql://10.201.62.64:3306/epcdb</url>
			<user>epc</user>
			<password>epc123</password>
		</connectionSource>
	</springProfile>
        
  </appender> 
  
  <appender name="ASYNC" class="ch.qos.logback.classic.AsyncAppender">
    	<queueSize>100000</queueSize>
   		<discardingThreshold>0</discardingThreshold>
        <appender-ref ref="FILE" />
  </appender>
  
    <root level="INFO">
       <!--  <appender-ref ref="consoleAppender" />
        <appender-ref ref="FILE"/> -->
       <!--  <appender-ref ref="DB"/> -->
       <appender-ref ref="ASYNC"/>
    </root>
    
       
    
</configuration>