<QueryEligibilityResponse>
<subFamily>Data</subFamily>
<responseCode>
</responseCode>
<remarks>NA</remarks>
<addonEligibleProduct>
<productId>1937</productId>
<copiedFromProductId>1929</copiedFromProductId>
<retirePreviousProduct>False</retirePreviousProduct>
<productShortCode>4MB_PT4</productShortCode>
<productDescription>4MB,2.05tk, Meyad 2 Days</productDescription>
<productMarketingName>4MB</productMarketingName>
<productType>Optional</productType>
<downstreamSystem>COMS_SIMPLE</downstreamSystem>
<productFamily>GSM</productFamily>
<productSubFamily>Data</productSubFamily>
<productClassification>RegularPack</productClassification>
<productCategory>Both</productCategory>
<productSubCategory>ALL</productSubCategory>
<productStatus>Launch</productStatus>
<minSubscription/>
<maxSubscription/>
<productQuota>4.000000</productQuota>
<productQuotaUom>MB</productQuotaUom>
<productQuotaDuration>2</productQuotaDuration>
<productQuotaDurationUom>Day</productQuotaDurationUom>
<productAssociationLevel>Subscriber</productAssociationLevel>
<isAutoRenewalAllowed>1</isAutoRenewalAllowed>
<isMandatoryInBundle/>
<isBundle>0</isBundle>
<isHybrid>0</isHybrid>
<apiIndicator/>
<isSpecialProduct>0</isSpecialProduct>
<isUsageProduct>0</isUsageProduct>
<isDiscountProduct>0</isDiscountProduct>
<isContractProduct>0</isContractProduct>
<isTemplateProduct>0</isTemplateProduct>
<isRoamingProduct>0</isRoamingProduct>
<isProductPaused>0</isProductPaused>
<vsmdComponent>
</vsmdComponent>
<isOtcAllowed>1</isOtcAllowed>
<isRcAllowed>0</isRcAllowed>
<isUcAllowed>0</isUcAllowed>
<isCorporateSpecific>0</isCorporateSpecific>
<primaryProviderSystem>CBIO</primaryProviderSystem>
<channelMarketingName/>
<channelLevelProductId/>
<metaInfo/>
<epcProductInitChannel>
<epcProductInitChannel>
<productInitChannelId>5081</productInitChannelId>
<actionType>Subscription</actionType>
<alias/>
<channelId>USSD</channelId>
<channelLevelProductId>4MB_PT4</channelLevelProductId>
<channelLevelMarketName>4MB</channelLevelMarketName>
<channelShortCode>*121#, *111#, *5000#</channelShortCode>
<isNotificationRequired>1</isNotificationRequired>
<notificationTemplateId>176</notificationTemplateId>
<productId>1937</productId>
<serviceKeyword/>
<serviceKeywordOther/>
<status>Active</status>
<urlString/>
<metaInfo/>
<epcNotificationTemplate>
<notificationTemplateId>176</notificationTemplateId>
<templateType>Product_Data_RegularPack</templateType>
<modeOfDelivery>SMS</modeOfDelivery>
<status>Active</status>
<templateName>DATA_REGULARPACK_SUB_SUCCESS_TMPL</templateName>
<sourceSystem>EPC</sourceSystem>
<metaInfo/>
<epcNotificationTemplateDetail>
<epcNotificationTemplateDetail>
<notificationTemplateDetailId>150</notificationTemplateDetailId>
<notificationTemplateId>176</notificationTemplateId>
<templateLanguage>Bengali</templateLanguage>
<templateSubject>
</templateSubject>
<templateBody>[PRODUCT_NAME] Internet Started successfully.Total fee [SUBSCRIPTION_PRICE]tk, valid  [SUBSCRIPTION_PERIOD], [CALCULATED_EXPIRY_DATE]. To Check Internet balance, dial [USSD_SHORTCODE_VIEW],To Cancel your Internet Pack, dial [USSD_SHORTCODE_UNSUB]</templateBody>
<status>1</status>
</epcNotificationTemplateDetail>
</epcNotificationTemplateDetail>
</epcNotificationTemplate>
</epcProductInitChannel>
</epcProductInitChannel>
<epcProductNetworkTplMap/>
<epcProductCharacteristic>
<epcProductCharacteristic>
<productAttributeId>15715</productAttributeId>
<attributeId>41</attributeId>
<attributeUom/>
<attributeValue1>T1</attributeValue1>
<attributeValue2/>
<defaultValue1/>
<defaultValue2/>
<isChildProductAttribute>0</isChildProductAttribute>
<isMandatory>0</isMandatory>
<isInputReqFromChannel>0</isInputReqFromChannel>
<isOtcAttribute>0</isOtcAttribute>
<isPriceingAttribute>0</isPriceingAttribute>
<productId>1937</productId>
<status>Active</status>
<reservedC/>
<reservedCT/>
<metaInfo/>
<epcAttributeMaster>
<attributeId>41</attributeId>
<attributeCtg>ProductCtg</attributeCtg>
<attributeCtgType>Characteristics</attributeCtgType>
<attributeName>REFILL_ID_ACTIVATION</attributeName>
<attributeDescription>Refill ID Activation</attributeDescription>
<attributeDataType>Simple</attributeDataType>
<attributeDataLength>100</attributeDataLength>
<isVisible/>
<isCfs/>
<isRfs/>
<status>Active</status>
<metaInfo/>
</epcAttributeMaster>
</epcProductCharacteristic>
<epcProductCharacteristic>
<productAttributeId>15717</productAttributeId>
<attributeId>36</attributeId>
<attributeUom/>
<attributeValue1>T2</attributeValue1>
<attributeValue2/>
<defaultValue1/>
<defaultValue2/>
<isChildProductAttribute>0</isChildProductAttribute>
<isMandatory>0</isMandatory>
<isInputReqFromChannel>0</isInputReqFromChannel>
<isOtcAttribute>0</isOtcAttribute>
<isPriceingAttribute>0</isPriceingAttribute>
<productId>1937</productId>
<status>Active</status>
<reservedC/>
<reservedCT/>
<metaInfo/>
<epcAttributeMaster>
<attributeId>36</attributeId>
<attributeCtg>ProductCtg</attributeCtg>
<attributeCtgType>Characteristics</attributeCtgType>
<attributeName>REFILL_ID_DEACTIVATION</attributeName>
<attributeDescription>Refill ID Deactivation</attributeDescription>
<attributeDataType>Simple</attributeDataType>
<attributeDataLength>100</attributeDataLength>
<isVisible/>
<isCfs/>
<isRfs/>
<status>Active</status>
<metaInfo/>
</epcAttributeMaster>
</epcProductCharacteristic>
<epcProductCharacteristic>
<productAttributeId>15719</productAttributeId>
<attributeId>39</attributeId>
<attributeUom/>
<attributeValue1>4MB</attributeValue1>
<attributeValue2/>
<defaultValue1/>
<defaultValue2/>
<isChildProductAttribute>0</isChildProductAttribute>
<isMandatory>0</isMandatory>
<isInputReqFromChannel>0</isInputReqFromChannel>
<isOtcAttribute>0</isOtcAttribute>
<isPriceingAttribute>0</isPriceingAttribute>
<productId>1937</productId>
<status>Active</status>
<reservedC/>
<reservedCT/>
<metaInfo/>
<epcAttributeMaster>
<attributeId>39</attributeId>
<attributeCtg>ProductCtg</attributeCtg>
<attributeCtgType>Characteristics</attributeCtgType>
<attributeName>EXTERNAL_DATA_1</attributeName>
<attributeDescription>External Data 1</attributeDescription>
<attributeDataType>Simple</attributeDataType>
<attributeDataLength>100</attributeDataLength>
<isVisible/>
<isCfs/>
<isRfs/>
<status>Active</status>
<metaInfo/>
</epcAttributeMaster>
</epcProductCharacteristic>
<epcProductCharacteristic>
<productAttributeId>15721</productAttributeId>
<attributeId>44</attributeId>
<attributeUom/>
<attributeValue1>EDGE4MB</attributeValue1>
<attributeValue2/>
<defaultValue1/>
<defaultValue2/>
<isChildProductAttribute>0</isChildProductAttribute>
<isMandatory>0</isMandatory>
<isInputReqFromChannel>0</isInputReqFromChannel>
<isOtcAttribute>0</isOtcAttribute>
<isPriceingAttribute>0</isPriceingAttribute>
<productId>1937</productId>
<status>Active</status>
<reservedC/>
<reservedCT/>
<metaInfo/>
<epcAttributeMaster>
<attributeId>44</attributeId>
<attributeCtg>ProductCtg</attributeCtg>
<attributeCtgType>Characteristics</attributeCtgType>
<attributeName>TRANSACTION_TYPE_OLD</attributeName>
<attributeDescription>TransactionType (Old)</attributeDescription>
<attributeDataType>Simple</attributeDataType>
<attributeDataLength>100</attributeDataLength>
<isVisible/>
<isCfs/>
<isRfs/>
<status>Active</status>
<metaInfo/>
</epcAttributeMaster>
</epcProductCharacteristic>
<epcProductCharacteristic>
<productAttributeId>15723</productAttributeId>
<attributeId>40</attributeId>
<attributeUom/>
<attributeValue1>DATA4MB</attributeValue1>
<attributeValue2/>
<defaultValue1/>
<defaultValue2/>
<isChildProductAttribute>0</isChildProductAttribute>
<isMandatory>0</isMandatory>
<isInputReqFromChannel>0</isInputReqFromChannel>
<isOtcAttribute>0</isOtcAttribute>
<isPriceingAttribute>0</isPriceingAttribute>
<productId>1937</productId>
<status>Active</status>
<reservedC/>
<reservedCT/>
<metaInfo/>
<epcAttributeMaster>
<attributeId>40</attributeId>
<attributeCtg>ProductCtg</attributeCtg>
<attributeCtgType>Characteristics</attributeCtgType>
<attributeName>TRANSACTION_TYPE_NEW</attributeName>
<attributeDescription>TransactionType (New)</attributeDescription>
<attributeDataType>Simple</attributeDataType>
<attributeDataLength>100</attributeDataLength>
<isVisible/>
<isCfs/>
<isRfs/>
<status>Active</status>
<metaInfo/>
</epcAttributeMaster>
</epcProductCharacteristic>
<epcProductCharacteristic>
<productAttributeId>15725</productAttributeId>
<attributeId>45</attributeId>
<attributeUom/>
<attributeValue1>2002</attributeValue1>
<attributeValue2/>
<defaultValue1/>
<defaultValue2/>
<isChildProductAttribute>0</isChildProductAttribute>
<isMandatory>0</isMandatory>
<isInputReqFromChannel>0</isInputReqFromChannel>
<isOtcAttribute>0</isOtcAttribute>
<isPriceingAttribute>0</isPriceingAttribute>
<productId>1937</productId>
<status>Active</status>
<reservedC/>
<reservedCT/>
<metaInfo/>
<epcAttributeMaster>
<attributeId>45</attributeId>
<attributeCtg>ProductCtg</attributeCtg>
<attributeCtgType>Characteristics</attributeCtgType>
<attributeName>PAM</attributeName>
<attributeDescription>PAM</attributeDescription>
<attributeDataType>Simple</attributeDataType>
<attributeDataLength>100</attributeDataLength>
<isVisible/>
<isCfs/>
<isRfs/>
<status>Active</status>
<metaInfo/>
</epcAttributeMaster>
</epcProductCharacteristic>
<epcProductCharacteristic>
<productAttributeId>15727</productAttributeId>
<attributeId>29</attributeId>
<attributeUom/>
<attributeValue1>DA-10</attributeValue1>
<attributeValue2/>
<defaultValue1/>
<defaultValue2/>
<isChildProductAttribute>0</isChildProductAttribute>
<isMandatory>0</isMandatory>
<isInputReqFromChannel>0</isInputReqFromChannel>
<isOtcAttribute>0</isOtcAttribute>
<isPriceingAttribute>0</isPriceingAttribute>
<productId>1937</productId>
<status>Active</status>
<reservedC/>
<reservedCT/>
<metaInfo/>
<epcAttributeMaster>
<attributeId>29</attributeId>
<attributeCtg>ProductCtg</attributeCtg>
<attributeCtgType>Characteristics</attributeCtgType>
<attributeName>DA</attributeName>
<attributeDescription>DA</attributeDescription>
<attributeDataType>Simple</attributeDataType>
<attributeDataLength>100</attributeDataLength>
<isVisible/>
<isCfs/>
<isRfs/>
<status>Active</status>
<metaInfo/>
</epcAttributeMaster>
</epcProductCharacteristic>
<epcProductCharacteristic>
<productAttributeId>15729</productAttributeId>
<attributeId>37</attributeId>
<attributeUom/>
<attributeValue1>UA-5, UA-151</attributeValue1>
<attributeValue2/>
<defaultValue1/>
<defaultValue2/>
<isChildProductAttribute>0</isChildProductAttribute>
<isMandatory>0</isMandatory>
<isInputReqFromChannel>0</isInputReqFromChannel>
<isOtcAttribute>0</isOtcAttribute>
<isPriceingAttribute>0</isPriceingAttribute>
<productId>1937</productId>
<status>Active</status>
<reservedC/>
<reservedCT/>
<metaInfo/>
<epcAttributeMaster>
<attributeId>37</attributeId>
<attributeCtg>ProductCtg</attributeCtg>
<attributeCtgType>Characteristics</attributeCtgType>
<attributeName>UA</attributeName>
<attributeDescription>UA</attributeDescription>
<attributeDataType>Simple</attributeDataType>
<attributeDataLength>100</attributeDataLength>
<isVisible/>
<isCfs/>
<isRfs/>
<status>Active</status>
<metaInfo/>
</epcAttributeMaster>
</epcProductCharacteristic>
<epcProductCharacteristic>
<productAttributeId>15731</productAttributeId>
<attributeId>38</attributeId>
<attributeUom/>
<attributeValue1>SOB-3</attributeValue1>
<attributeValue2/>
<defaultValue1/>
<defaultValue2/>
<isChildProductAttribute>0</isChildProductAttribute>
<isMandatory>0</isMandatory>
<isInputReqFromChannel>0</isInputReqFromChannel>
<isOtcAttribute>0</isOtcAttribute>
<isPriceingAttribute>0</isPriceingAttribute>
<productId>1937</productId>
<status>Active</status>
<reservedC/>
<reservedCT/>
<metaInfo/>
<epcAttributeMaster>
<attributeId>38</attributeId>
<attributeCtg>ProductCtg</attributeCtg>
<attributeCtgType>Characteristics</attributeCtgType>
<attributeName>SOB_BITS</attributeName>
<attributeDescription>SOB</attributeDescription>
<attributeDataType>Simple</attributeDataType>
<attributeDataLength>100</attributeDataLength>
<isVisible/>
<isCfs/>
<isRfs/>
<status>Active</status>
<metaInfo/>
</epcAttributeMaster>
</epcProductCharacteristic>
<epcProductCharacteristic>
<productAttributeId>15733</productAttributeId>
<attributeId>172</attributeId>
<attributeUom/>
<attributeValue1>3002</attributeValue1>
<attributeValue2/>
<defaultValue1/>
<defaultValue2/>
<isChildProductAttribute>0</isChildProductAttribute>
<isMandatory>0</isMandatory>
<isInputReqFromChannel>0</isInputReqFromChannel>
<isOtcAttribute>0</isOtcAttribute>
<isPriceingAttribute>0</isPriceingAttribute>
<productId>1937</productId>
<status>Active</status>
<reservedC/>
<reservedCT/>
<metaInfo/>
<epcAttributeMaster>
<attributeId>172</attributeId>
<attributeCtg>ProductCtg</attributeCtg>
<attributeCtgType>Characteristics</attributeCtgType>
<attributeName>EXTERNAL_DATA_2</attributeName>
<attributeDescription>(Previous Package Offer ID, from ESB, whose validity need to be shortened- if)</attributeDescription>
<attributeDataType>Simple</attributeDataType>
<attributeDataLength>50</attributeDataLength>
<isVisible/>
<isCfs/>
<isRfs/>
<status>Active</status>
<metaInfo/>
</epcAttributeMaster>
</epcProductCharacteristic>
<epcProductCharacteristic>
<productAttributeId>15735</productAttributeId>
<attributeId>176</attributeId>
<attributeUom/>
<attributeValue1>UA-70</attributeValue1>
<attributeValue2/>
<defaultValue1/>
<defaultValue2/>
<isChildProductAttribute>0</isChildProductAttribute>
<isMandatory>0</isMandatory>
<isInputReqFromChannel>0</isInputReqFromChannel>
<isOtcAttribute>0</isOtcAttribute>
<isPriceingAttribute>0</isPriceingAttribute>
<productId>1937</productId>
<status>Active</status>
<reservedC/>
<reservedCT/>
<metaInfo/>
<epcAttributeMaster>
<attributeId>176</attributeId>
<attributeCtg>ProductCtg</attributeCtg>
<attributeCtgType>Characteristics</attributeCtgType>
<attributeName>AUTO_RENEWAL_UA</attributeName>
<attributeDescription>AUTO_RENEWAL_UA</attributeDescription>
<attributeDataType>Simple</attributeDataType>
<attributeDataLength>100</attributeDataLength>
<isVisible/>
<isCfs/>
<isRfs/>
<status>Active</status>
<metaInfo/>
</epcAttributeMaster>
</epcProductCharacteristic>
<epcProductCharacteristic>
<productAttributeId>15737</productAttributeId>
<attributeId>177</attributeId>
<attributeUom/>
<attributeValue1>After consuming 20MB subscriber will be barred for internet browsing (Only for Post-paid)</attributeValue1>
<attributeValue2/>
<defaultValue1/>
<defaultValue2/>
<isChildProductAttribute>0</isChildProductAttribute>
<isMandatory>0</isMandatory>
<isInputReqFromChannel>0</isInputReqFromChannel>
<isOtcAttribute>0</isOtcAttribute>
<isPriceingAttribute>0</isPriceingAttribute>
<productId>1937</productId>
<status>Active</status>
<reservedC/>
<reservedCT/>
<metaInfo/>
<epcAttributeMaster>
<attributeId>177</attributeId>
<attributeCtg>ProductCtg</attributeCtg>
<attributeCtgType>Characteristics</attributeCtgType>
<attributeName>FYI_INTERNET_LOGIC</attributeName>
<attributeDescription>FYI_INTERNET_LOGIC</attributeDescription>
<attributeDataType>Simple</attributeDataType>
<attributeDataLength>100</attributeDataLength>
<isVisible/>
<isCfs/>
<isRfs/>
<status>Active</status>
<metaInfo/>
</epcAttributeMaster>
</epcProductCharacteristic>
<epcProductCharacteristic>
<productAttributeId>15739</productAttributeId>
<attributeId>178</attributeId>
<attributeUom/>
<attributeValue1>0.01 tk/10KB</attributeValue1>
<attributeValue2/>
<defaultValue1/>
<defaultValue2/>
<isChildProductAttribute>0</isChildProductAttribute>
<isMandatory>0</isMandatory>
<isInputReqFromChannel>0</isInputReqFromChannel>
<isOtcAttribute>0</isOtcAttribute>
<isPriceingAttribute>0</isPriceingAttribute>
<productId>1937</productId>
<status>Active</status>
<reservedC/>
<reservedCT/>
<metaInfo/>
<epcAttributeMaster>
<attributeId>178</attributeId>
<attributeCtg>ProductCtg</attributeCtg>
<attributeCtgType>Characteristics</attributeCtgType>
<attributeName>FYI_EXTRA_USAGE_FEE</attributeName>
<attributeDescription>FYI_EXTRA_USAGE_FEE</attributeDescription>
<attributeDataType>Simple</attributeDataType>
<attributeDataLength>100</attributeDataLength>
<isVisible/>
<isCfs/>
<isRfs/>
<status>Active</status>
<metaInfo/>
</epcAttributeMaster>
</epcProductCharacteristic>
<epcProductCharacteristic>
<productAttributeId>15741</productAttributeId>
<attributeId>179</attributeId>
<attributeUom/>
<attributeValue1>RG=90 for Chargeable Traffic, RG=100, 101, 102 for Free Sites, RG=1033 for Social Traffic, RG= 1034 for Video Traffic, RG 1035 for Viber traffic, RG 1036 for GP Music Traffic, RG 1037 for Capture</attributeValue1>
<attributeValue2/>
<defaultValue1/>
<defaultValue2/>
<isChildProductAttribute>0</isChildProductAttribute>
<isMandatory>0</isMandatory>
<isInputReqFromChannel>0</isInputReqFromChannel>
<isOtcAttribute>0</isOtcAttribute>
<isPriceingAttribute>0</isPriceingAttribute>
<productId>1937</productId>
<status>Active</status>
<reservedC/>
<reservedCT/>
<metaInfo/>
<epcAttributeMaster>
<attributeId>179</attributeId>
<attributeCtg>ProductCtg</attributeCtg>
<attributeCtgType>Characteristics</attributeCtgType>
<attributeName>FYI_RATING_GROUP</attributeName>
<attributeDescription>FYI_RATING_GROUP</attributeDescription>
<attributeDataType>Simple</attributeDataType>
<attributeDataLength>200</attributeDataLength>
<isVisible/>
<isCfs/>
<isRfs/>
<status>Active</status>
<metaInfo/>
</epcAttributeMaster>
</epcProductCharacteristic>
<epcProductCharacteristic>
<productAttributeId>15743</productAttributeId>
<attributeId>180</attributeId>
<attributeUom/>
<attributeValue1>TRUE</attributeValue1>
<attributeValue2/>
<defaultValue1/>
<defaultValue2/>
<isChildProductAttribute>0</isChildProductAttribute>
<isMandatory>0</isMandatory>
<isInputReqFromChannel>0</isInputReqFromChannel>
<isOtcAttribute>0</isOtcAttribute>
<isPriceingAttribute>0</isPriceingAttribute>
<productId>1937</productId>
<status>Active</status>
<reservedC/>
<reservedCT/>
<metaInfo/>
<epcAttributeMaster>
<attributeId>180</attributeId>
<attributeCtg>ProductCtg</attributeCtg>
<attributeCtgType>Characteristics</attributeCtgType>
<attributeName>PAM_AUTO_RENEWAL_FLAG</attributeName>
<attributeDescription>PAM_AUTO_RENEWAL_FLAG</attributeDescription>
<attributeDataType>Boolean</attributeDataType>
<attributeDataLength>5</attributeDataLength>
<isVisible/>
<isCfs/>
<isRfs/>
<status>Active</status>
<metaInfo/>
</epcAttributeMaster>
</epcProductCharacteristic>
<epcProductCharacteristic>
<productAttributeId>15745</productAttributeId>
<attributeId>181</attributeId>
<attributeUom/>
<attributeValue1>4MBON</attributeValue1>
<attributeValue2/>
<defaultValue1/>
<defaultValue2/>
<isChildProductAttribute>0</isChildProductAttribute>
<isMandatory>0</isMandatory>
<isInputReqFromChannel>0</isInputReqFromChannel>
<isOtcAttribute>0</isOtcAttribute>
<isPriceingAttribute>0</isPriceingAttribute>
<productId>1937</productId>
<status>Active</status>
<reservedC/>
<reservedCT/>
<metaInfo/>
<epcAttributeMaster>
<attributeId>181</attributeId>
<attributeCtg>ProductCtg</attributeCtg>
<attributeCtgType>Characteristics</attributeCtgType>
<attributeName>EXTERNAL_DATA_1_ARON</attributeName>
<attributeDescription>External Data 1_ARON</attributeDescription>
<attributeDataType>Simple</attributeDataType>
<attributeDataLength>100</attributeDataLength>
<isVisible/>
<isCfs/>
<isRfs/>
<status>Active</status>
<metaInfo/>
</epcAttributeMaster>
</epcProductCharacteristic>
<epcProductCharacteristic>
<productAttributeId>15747</productAttributeId>
<attributeId>184</attributeId>
<attributeUom/>
<attributeValue1>4MBSLAB</attributeValue1>
<attributeValue2/>
<defaultValue1/>
<defaultValue2/>
<isChildProductAttribute>0</isChildProductAttribute>
<isMandatory>0</isMandatory>
<isInputReqFromChannel>0</isInputReqFromChannel>
<isOtcAttribute>0</isOtcAttribute>
<isPriceingAttribute>0</isPriceingAttribute>
<productId>1937</productId>
<status>Active</status>
<reservedC/>
<reservedCT/>
<metaInfo/>
<epcAttributeMaster>
<attributeId>184</attributeId>
<attributeCtg>ProductCtg</attributeCtg>
<attributeCtgType>Characteristics</attributeCtgType>
<attributeName>EXTERNAL_DATA_1_SLAB</attributeName>
<attributeDescription>External Data 1_SLAB</attributeDescription>
<attributeDataType>Simple</attributeDataType>
<attributeDataLength>100</attributeDataLength>
<isVisible/>
<isCfs/>
<isRfs/>
<status>Active</status>
<metaInfo/>
</epcAttributeMaster>
</epcProductCharacteristic>
<epcProductCharacteristic>
<productAttributeId>15749</productAttributeId>
<attributeId>240</attributeId>
<attributeUom/>
<attributeValue1>4MB</attributeValue1>
<attributeValue2/>
<defaultValue1/>
<defaultValue2/>
<isChildProductAttribute>0</isChildProductAttribute>
<isMandatory>0</isMandatory>
<isInputReqFromChannel>0</isInputReqFromChannel>
<isOtcAttribute>0</isOtcAttribute>
<isPriceingAttribute>0</isPriceingAttribute>
<productId>1937</productId>
<status>Active</status>
<reservedC/>
<reservedCT/>
<metaInfo/>
<epcAttributeMaster>
<attributeId>240</attributeId>
<attributeCtg>ProductCtg</attributeCtg>
<attributeCtgType>Notification</attributeCtgType>
<attributeName>PRODUCT_NAME</attributeName>
<attributeDescription>Product name</attributeDescription>
<attributeDataType>Simple</attributeDataType>
<attributeDataLength>100</attributeDataLength>
<isVisible/>
<isCfs/>
<isRfs/>
<status>Active</status>
<metaInfo/>
</epcAttributeMaster>
</epcProductCharacteristic>
<epcProductCharacteristic>
<productAttributeId>15751</productAttributeId>
<attributeId>241</attributeId>
<attributeUom/>
<attributeValue1>2.05</attributeValue1>
<attributeValue2/>
<defaultValue1/>
<defaultValue2/>
<isChildProductAttribute>0</isChildProductAttribute>
<isMandatory>0</isMandatory>
<isInputReqFromChannel>0</isInputReqFromChannel>
<isOtcAttribute>0</isOtcAttribute>
<isPriceingAttribute>0</isPriceingAttribute>
<productId>1937</productId>
<status>Active</status>
<reservedC/>
<reservedCT/>
<metaInfo/>
<epcAttributeMaster>
<attributeId>241</attributeId>
<attributeCtg>ProductCtg</attributeCtg>
<attributeCtgType>Notification</attributeCtgType>
<attributeName>SUBSCRIPTION_PRICE</attributeName>
<attributeDescription>Subscription Price</attributeDescription>
<attributeDataType>Simple</attributeDataType>
<attributeDataLength>100</attributeDataLength>
<isVisible/>
<isCfs/>
<isRfs/>
<status>Active</status>
<metaInfo/>
</epcAttributeMaster>
</epcProductCharacteristic>
<epcProductCharacteristic>
<productAttributeId>15753</productAttributeId>
<attributeId>242</attributeId>
<attributeUom/>
<attributeValue1>2 Days</attributeValue1>
<attributeValue2/>
<defaultValue1/>
<defaultValue2/>
<isChildProductAttribute>0</isChildProductAttribute>
<isMandatory>0</isMandatory>
<isInputReqFromChannel>0</isInputReqFromChannel>
<isOtcAttribute>0</isOtcAttribute>
<isPriceingAttribute>0</isPriceingAttribute>
<productId>1937</productId>
<status>Active</status>
<reservedC/>
<reservedCT/>
<metaInfo/>
<epcAttributeMaster>
<attributeId>242</attributeId>
<attributeCtg>ProductCtg</attributeCtg>
<attributeCtgType>Notification</attributeCtgType>
<attributeName>SUBSCRIPTION_PERIOD</attributeName>
<attributeDescription>Subscription Period</attributeDescription>
<attributeDataType>Simple</attributeDataType>
<attributeDataLength>100</attributeDataLength>
<isVisible/>
<isCfs/>
<isRfs/>
<status>Active</status>
<metaInfo/>
</epcAttributeMaster>
</epcProductCharacteristic>
<epcProductCharacteristic>
<productAttributeId>15755</productAttributeId>
<attributeId>243</attributeId>
<attributeUom/>
<attributeValue1>0</attributeValue1>
<attributeValue2/>
<defaultValue1/>
<defaultValue2/>
<isChildProductAttribute>0</isChildProductAttribute>
<isMandatory>0</isMandatory>
<isInputReqFromChannel>0</isInputReqFromChannel>
<isOtcAttribute>0</isOtcAttribute>
<isPriceingAttribute>0</isPriceingAttribute>
<productId>1937</productId>
<status>Active</status>
<reservedC/>
<reservedCT/>
<metaInfo/>
<epcAttributeMaster>
<attributeId>243</attributeId>
<attributeCtg>ProductCtg</attributeCtg>
<attributeCtgType>Notification</attributeCtgType>
<attributeName>CALCULATED_EXPIRY_DATE</attributeName>
<attributeDescription>Calculated Expiry Date</attributeDescription>
<attributeDataType>Simple</attributeDataType>
<attributeDataLength>100</attributeDataLength>
<isVisible/>
<isCfs/>
<isRfs/>
<status>Active</status>
<metaInfo/>
</epcAttributeMaster>
</epcProductCharacteristic>
<epcProductCharacteristic>
<productAttributeId>15757</productAttributeId>
<attributeId>245</attributeId>
<attributeUom/>
<attributeValue1>*121*1*4#</attributeValue1>
<attributeValue2/>
<defaultValue1/>
<defaultValue2/>
<isChildProductAttribute>0</isChildProductAttribute>
<isMandatory>0</isMandatory>
<isInputReqFromChannel>0</isInputReqFromChannel>
<isOtcAttribute>0</isOtcAttribute>
<isPriceingAttribute>0</isPriceingAttribute>
<productId>1937</productId>
<status>Active</status>
<reservedC/>
<reservedCT/>
<metaInfo/>
<epcAttributeMaster>
<attributeId>245</attributeId>
<attributeCtg>ProductCtg</attributeCtg>
<attributeCtgType>Notification</attributeCtgType>
<attributeName>USSD_SHORTCODE_VIEW</attributeName>
<attributeDescription>USSD ShortcutView</attributeDescription>
<attributeDataType>Simple</attributeDataType>
<attributeDataLength>100</attributeDataLength>
<isVisible/>
<isCfs/>
<isRfs/>
<status>Active</status>
<metaInfo/>
</epcAttributeMaster>
</epcProductCharacteristic>
<epcProductCharacteristic>
<productAttributeId>15759</productAttributeId>
<attributeId>255</attributeId>
<attributeUom/>
<attributeValue1>*121*1*3#</attributeValue1>
<attributeValue2/>
<defaultValue1/>
<defaultValue2/>
<isChildProductAttribute>0</isChildProductAttribute>
<isMandatory>0</isMandatory>
<isInputReqFromChannel>0</isInputReqFromChannel>
<isOtcAttribute>0</isOtcAttribute>
<isPriceingAttribute>0</isPriceingAttribute>
<productId>1937</productId>
<status>Active</status>
<reservedC/>
<reservedCT/>
<metaInfo/>
<epcAttributeMaster>
<attributeId>255</attributeId>
<attributeCtg>ProductCtg</attributeCtg>
<attributeCtgType>Notification</attributeCtgType>
<attributeName>USSD_SHORTCODE_SUB</attributeName>
<attributeDescription>USSD SHORTCUT SUBSCRIPTION</attributeDescription>
<attributeDataType>Simple</attributeDataType>
<attributeDataLength>100</attributeDataLength>
<isVisible/>
<isCfs/>
<isRfs/>
<status>Active</status>
<metaInfo/>
</epcAttributeMaster>
</epcProductCharacteristic>
<epcProductCharacteristic>
<productAttributeId>15761</productAttributeId>
<attributeId>254</attributeId>
<attributeUom/>
<attributeValue1>*121*3041#</attributeValue1>
<attributeValue2/>
<defaultValue1/>
<defaultValue2/>
<isChildProductAttribute>0</isChildProductAttribute>
<isMandatory>0</isMandatory>
<isInputReqFromChannel>0</isInputReqFromChannel>
<isOtcAttribute>0</isOtcAttribute>
<isPriceingAttribute>0</isPriceingAttribute>
<productId>1937</productId>
<status>Active</status>
<reservedC/>
<reservedCT/>
<metaInfo/>
<epcAttributeMaster>
<attributeId>254</attributeId>
<attributeCtg>ProductCtg</attributeCtg>
<attributeCtgType>Notification</attributeCtgType>
<attributeName>USSD_SHORTCODE_UNSUB</attributeName>
<attributeDescription>USSD Shortcode Unsubscription</attributeDescription>
<attributeDataType>Simple</attributeDataType>
<attributeDataLength>100</attributeDataLength>
<isVisible/>
<isCfs/>
<isRfs/>
<status>Active</status>
<metaInfo/>
</epcAttributeMaster>
</epcProductCharacteristic>
</epcProductCharacteristic>
<epcProductTariff>
<epcProductTariff>
<productAttributeId>15763</productAttributeId>
<attributeId>101</attributeId>
<attributeUom>BDT</attributeUom>
<attributeValue1>0.01</attributeValue1>
<attributeValue2/>
<defaultValue1>2.05</defaultValue1>
<defaultValue2/>
<isChildProductAttribute/>
<isMandatory/>
<isInputReqFromChannel/>
<isOtcAttribute/>
<isPriceingAttribute/>
<productId>1937</productId>
<status>Active</status>
<reservedC/>
<reservedCT/>
<metaInfo/>
<epcAttributeMaster>
<attributeId>101</attributeId>
<attributeCtg>TariffCtg</attributeCtg>
<attributeCtgType>OneTime</attributeCtgType>
<attributeName>SUBSCRIPTION_FEE</attributeName>
<attributeDescription>Subscription fee</attributeDescription>
<attributeDataType>Simple</attributeDataType>
<attributeDataLength>100</attributeDataLength>
<isVisible/>
<isCfs/>
<isRfs/>
<status>Active</status>
<metaInfo/>
</epcAttributeMaster>
</epcProductTariff>
</epcProductTariff>
<epcProductProvider>
<epcProductProvider>
<productProviderSystemId>1525</productProviderSystemId>
<productId>1937</productId>
<providerSystemCode>CBIO</providerSystemCode>
<providerProductId>3002</providerProductId>
<isPrimaryProvider>1</isPrimaryProvider>
<status>Active</status>
<providerProductDescription>4MB,2.05tk, Meyad 2 Days</providerProductDescription>
<metaInfo/>
</epcProductProvider>
</epcProductProvider>
<orderType>
<orderType>OFFER_SUBS</orderType>
<epcProductDecomposition>
<epcProductDecomposition>
<productDecompositionId>6351</productDecompositionId>
<endDate/>
<nodeId/>
<nodeType>CBIO</nodeType>
<isNotificationRequired>0</isNotificationRequired>
<notificationTemplateId/>
<orderType>OFFER_SUBS</orderType>
<paramName/>
<paramValue/>
<productClassification/>
<serviceIdSequence>1</serviceIdSequence>
<productSubFamily/>
<productShortCode>4MB_PT4</productShortCode>
<startDate/>
<status>Active</status>
<task>CHARGE_SUBSCRIBER</task>
<taskType>PROCESS</taskType>
<urlString/>
<integrationMode>Sync</integrationMode>
<metaInfo/>
<epcNotificationTemplate/>
</epcProductDecomposition>
<epcProductDecomposition>
<productDecompositionId>6353</productDecompositionId>
<endDate/>
<nodeId/>
<nodeType>CBIO</nodeType>
<isNotificationRequired>0</isNotificationRequired>
<notificationTemplateId/>
<orderType>OFFER_SUBS</orderType>
<paramName/>
<paramValue/>
<productClassification/>
<serviceIdSequence>2</serviceIdSequence>
<productSubFamily/>
<productShortCode>4MB_PT4</productShortCode>
<startDate/>
<status>Active</status>
<task>SUBSCRIBE_OPTIONAL_OFFER</task>
<taskType>PROCESS</taskType>
<urlString/>
<integrationMode>Sync</integrationMode>
<metaInfo/>
<epcNotificationTemplate/>
</epcProductDecomposition>
</epcProductDecomposition>
</orderType>
<reservedHI/>
<extension/>
</addonEligibleProduct>
<downStream/>
<eligible>true</eligible>
</QueryEligibilityResponse>
