<?xml version="1.0"?>
<!DOCTYPE hibernate-mapping PUBLIC
        "-//Hibernate/Hibernate Mapping DTD 3.0//EN"
        "http://www.hibernate.org/dtd/hibernate-mapping-3.0.dtd">

<hibernate-mapping package="com.wipro.gp.bean">

    <class name="InValidSms" table="invalidsms">
        <id name="smsId" column="smsId" type="long">
            <generator class="increment"/>
        </id>        
        <property name="grpNum" type="int" column="grp_num"/>
        <property name="source_msisdn" type="string" column="source"/>
        <property name="dest_shortCode" type="string" column="destination"/>        
        <property name="smsText" type="string" column="smsText"/>
        <property name="status" type="string" column="status"/>
        <property name="sendingResponse" type="string" column="sending_response"/>        
        <property name="productId" type="string" column="productId"/>
        <property name="targetApplication" type="string" column="targetApplication"/>
        <property name="creationDate" type="string" column="creationDate"/>
        <property name="createdBy" type="string" column="createdBy"/>
        <property name="modifiedDate" type="string" column="modifiedDate"/>
        <property name="modifiedBy" type="string" column="modifiedBy"/>
        <property name="extra_field1" type="string" column="extra_field1" />
        <property name="extra_field2" type="string" column="extra_field2"/>
        <property name="extra_field3" type="string" column="extra_field3"/>
        <property name="extra_field4" type="string" column="extra_field4"/>
        <property name="extra_field5" type="string" column="extra_field5"/>      
        
    </class>    

</hibernate-mapping>