<?xml version="1.0" encoding="UTF-8"?> 
<databaseChangeLog 
  xmlns="http://www.liquibase.org/xml/ns/dbchangelog/1.9" 
  xmlns:xsi="http://www.w3.org/2001/XMLSchema-instance" 
  xsi:schemaLocation="http://www.liquibase.org/xml/ns/dbchangelog/1.9
                      http://www.liquibase.org/xml/ns/dbchangelog/dbchangelog-1.9.xsd"> 
	  
 
<changeSet author="Supratim" id="data_insertion_uam">
 <preConditions onFail="MARK_RAN">
			<sqlCheck expectedResult="0">select count(*) from users</sqlCheck>
	</preConditions>
	<sqlFile 
            encoding="utf8"          
            path="db/sqlfile/dml_uam.sql"            
            splitStatements="true"
            stripComments="true"/>
</changeSet>
 <changeSet id="data_insertion_uam_1" author="Supratim" >
 <preConditions onFail="MARK_RAN">
			<sqlCheck expectedResult="0">select count(*) from users where username ='restclient'</sqlCheck>
	</preConditions>
   <comment>restClient user</comment>
   <sql>Insert into users (username,password,enabled,fname,created_by) values ('restclient','restclient','true','restClient','admin');</sql>
   </changeSet>
<changeSet author="Supratim" id="data_insertion_epcLookupMaster">
 <preConditions onFail="MARK_RAN">
			<sqlCheck expectedResult="0">select count(*) from epc_lookup_master</sqlCheck>
	</preConditions>
	<sqlFile 
            encoding="utf8"          
            path="db/sqlfile/dml_lookup_master.sql"            
            splitStatements="true"
            stripComments="true"/>
</changeSet>

<!-- <changeSet author="Supratim" id="data_insertion_uam">
 <preConditions onFail="MARK_RAN">
			<sqlCheck expectedResult="0">select count(*) from authorities where authority='Page_Home';</sqlCheck>
	</preConditions>
	<sqlFile 
            encoding="utf8"          
            path="db/sqlfile/epc_role_function_data.sql"            
            splitStatements="true"
            stripComments="true"/>
</changeSet> -->

<changeSet author="Supratim" id="data_insertion_epcLocation">
 <preConditions onFail="MARK_RAN">
			<sqlCheck expectedResult="0">select count(*) from epc_location;</sqlCheck>
	</preConditions>
	<sqlFile 
            encoding="utf8"          
            path="db/sqlfile/dml_location_master.sql"            
            splitStatements="true"
            stripComments="true"/>
</changeSet>
<changeSet author="Supratim" id="data_insertion_sample" context="test">
 <preConditions onFail="MARK_RAN">
			<sqlCheck expectedResult="0">select count(*) from epc_product_specification;</sqlCheck>
	</preConditions>
	<comment>To be DELETED</comment>
	<sqlFile 
            encoding="utf8"          
            path="db/sqlfile/sample_data.sql"            
            splitStatements="true"
            stripComments="true"/>
</changeSet>

<changeSet author="Supratim" id="data_insertion_uml_transitions">
 <preConditions onFail="MARK_RAN">
			<sqlCheck expectedResult="0">select count(*) from function where name in ('Transition_Submitted_Approved','Transition_Launch_Retire');</sqlCheck>
	</preConditions>
	<comment>Transition Authorities</comment>
	<sqlFile 
            encoding="utf8"          
            path="db/sqlfile/dml_uam_transitions.sql"            
            splitStatements="true"
            stripComments="true"/>
</changeSet>

<changeSet author="Supratim" id="data_insertion_epcProcessFlow">
 <preConditions onFail="MARK_RAN">
			<sqlCheck expectedResult="0">select count(*) from epc_product_process_flow;</sqlCheck>
	</preConditions>
	<comment>Transition Flow Details</comment>
	<sqlFile 
            encoding="utf8"          
            path="db/sqlfile/dml_process_flow.sql"            
            splitStatements="true"
            stripComments="true"/>
</changeSet>

<changeSet id="data_insertion_lock" author="Sampath" >
 <preConditions onFail="MARK_RAN">
			<sqlCheck expectedResult="0">select count(*) from server_status where server_name ='LOCK'</sqlCheck>
	</preConditions>
   <comment>dynamic configuration</comment>
   <sql>INSERT INTO server_status(server_name, value) VALUES ('LOCK', '0');</sql>
   </changeSet> 
   
   <changeSet id="data_insertion_Config" author="Sampath" >
 <preConditions onFail="MARK_RAN">
			<sqlCheck expectedResult="0">select count(*) from config where config_group='Mail' and config_key in('smtp_host','smtp_port','smtp_fallback')</sqlCheck>
	</preConditions>
   <comment>Configuration Table Data</comment>
   	<sqlFile 
            encoding="utf8"          
            path="db/sqlfile/config_data.sql"            
            splitStatements="true"
            stripComments="true"/>
   </changeSet> 
   
    <changeSet id="data_insertion_TransactionGraph" author="Sampath" context="test">
 <preConditions onFail="MARK_RAN">
			<sqlCheck expectedResult="0">select count(*) from transactions</sqlCheck>
	</preConditions>
   <comment>Sample Graph Data - to be Deleted</comment>
   	<sqlFile 
            encoding="utf8"          
            path="db/sqlfile/graphData.sql"            
            splitStatements="true"
            stripComments="true"/>
   </changeSet> 
   
   <changeSet author="Supratim" id="data_insertion_order_data">
 <preConditions onFail="MARK_RAN">
			<sqlCheck expectedResult="0">select count(*) from epc_order_channel_rule where order_type='PREPAID_REGULAR_ACTIVATION' and sales_channel='GPC' 
			and initiating_channel='CRM';</sqlCheck>
	</preConditions>
	<comment>Order Rule Data</comment>
	<sqlFile 
            encoding="utf8"          
            path="db/sqlfile/order_data.sql"            
            splitStatements="true"
            stripComments="true"/>
</changeSet>

<changeSet author="Supratim" id="data_product_approval">
 <preConditions onFail="MARK_RAN">
			<sqlCheck expectedResult="0">select count(*) from epc_notification_template where template_name='Product_Approval_NotificationTemplate';</sqlCheck>
	</preConditions>
	<comment>Product Approval Notification data</comment>
	<sqlFile 
            encoding="utf8"          
            path="db/sqlfile/approval_notification_data.sql"            
            splitStatements="true"
            stripComments="true"/>
</changeSet>
<changeSet author="Supratim" id="data_insertion_Config_flexiPriceData">
<preConditions onFail="MARK_RAN">
			<sqlCheck expectedResult="0">select count(*) from config where config_group='Price Rate' and config_key in('OnNet','Data','Tax');
		</sqlCheck>
	</preConditions>
	<comment>Config Data Price Rate Insertion</comment>
	<sql>
	INSERT INTO config (config_group, config_key, config_value,description,status,created_by) VALUES
('Price Rate', 'OnNet', '1.00', 'Mandatory Decimal only; Default: 1.00', 'Active','epcSys'),
('Price Rate', 'AnyNet', '1.00', 'Mandatory Decimal only; Default: 1.00', 'Active','epcSys'),
('Price Rate', 'Data', '1.00', 'Mandatory Decimal only; Default: 1.00', 'Active','epcSys'),
('Price Rate', 'SMS', '1.00', 'Mandatory Decimal only; Default: 1.00', 'Active','epcSys'),
('Price Rate', 'Tax', '1.15', 'Mandatory Decimal only; Default: 1.15', 'Active','epcSys');
	</sql>

</changeSet>


<changeSet author="Supratim" id="data_correction_lookupMstr">
	<comment>IVR to ipcc update</comment>
	<sql>
	update epc_lookup_master set lookup_value = 'ipcc' , lookup_display_value = 'ipcc' where lookup_value = 'IVR';
	</sql>

</changeSet>

<changeSet author="Ashweeja" id="data_correction_authority_function_role_map_tables">
<preConditions onFail="MARK_RAN">
			<sqlCheck expectedResult="0">SELECT count(*) from role_function_map where role_id=1 and function_id=(select function_id from function where name='Page_CommunityAssociation');
		</sqlCheck>
	</preConditions>
	<comment>Community Association menu privileges to admin</comment>
	<sql>
	INSERT INTO authorities (username,authority,created_date,created_by) VALUES
	('admin','Page_CommunityAssociation',current_timestamp(),'admin');


	INSERT INTO function (name,description,created_date,created_by,modified_by,modified_date) VALUES
	('Page_CommunityAssociation','Associate Community',current_timestamp(),'admin','admin',current_timestamp());

	INSERT INTO role_function_map (role_id,function_id,created_date,created_by) VALUES
	(1,(select function_id from function where name='Page_CommunityAssociation' ),current_timestamp(),'admin');
	</sql>

</changeSet>

<changeSet author="Supratim" id="data_correction_lookupMstr_01">
	<comment>Notification Template Type Update</comment>
	<sql>
	update epc_lookup_master set lookup_value = 'Product_Voice_Rate_cutter', lookup_display_value='Product_Voice_Rate_cutter' where lookup_name ='notification_type' and lookup_display_value like 'Product_Voice_Rate%';
	update epc_lookup_master set lookup_value = 'Product_VAS_MusicRadio', lookup_display_value='Product_VAS_MusicRadio' where lookup_name ='notification_type' and lookup_display_value = 'Product_VAS_Music Radio';
	update epc_lookup_master set lookup_value ='umb', lookup_display_value ='umb'where lookup_value ='PCN/BCN';
	
	</sql>
</changeSet>

<changeSet author="Supratim" id="data_insertion_lookupMstr_01">
<preConditions onFail="MARK_RAN">
			<sqlCheck expectedResult="0">SELECT count(*) from epc_lookup_master where lookup_group='order_type' and lookup_name='order_type' and lookup_value='CHANGE_BACKUP_SIM';
		</sqlCheck>
	</preConditions>
	<comment>epc_lookup_master - new order type, action type</comment>
	<sql>
	INSERT INTO epc_lookup_master(lookup_group, lookup_name, lookup_value, lookup_display_value, parent_lookup_value,  lookup_description, lookup_sort_order, status, created_date, created_by) VALUES                
('order_type','order_type','CHANGE_BACKUP_SIM','CHANGE_BACKUP_SIM',NULL,'Order Type',28,'Active',CURRENT_TIMESTAMP(),'admin'),
('epc_product_init_channel','action_type','Subscription_on_Cancel/Stop','Subscription_on_Cancel/Stop',NULL,'Action Type',12,'Active',CURRENT_TIMESTAMP(),'admin');
	
	</sql>
</changeSet>

<changeSet author="Supratim" id="data_insertion_correction_lookupMstr_02">
<preConditions onFail="MARK_RAN">
			<sqlCheck expectedResult="0">SELECT count(*) from epc_lookup_master where lookup_group='epc_product_specification' and lookup_name='product_sub_family' and lookup_value='GP-VAS';
		</sqlCheck>
	</preConditions>
	<comment>epc_lookup_master - new sub-family, classification etc</comment>
	<sql>
	INSERT INTO epc_lookup_master(lookup_group, lookup_name, lookup_value, lookup_display_value, parent_lookup_value,  lookup_description, lookup_sort_order, status, created_date, created_by) VALUES     
('epc_product_specification','product_sub_family','GP-VAS','GP-VAS',NULL,'Product Sub Family',2,'Active',CURRENT_TIMESTAMP(),'admin'),
('epc_product_specification','product_classification','GP-VAS','GP-VAS','GP-VAS','Product Classification',8,'Active',CURRENT_TIMESTAMP(),'admin'),
('epc_notification_template','source_system','AR-POLLER-APP' ,'AR-POLLER-APP',NULL,'Source System',2,'Active',CURRENT_TIMESTAMP(),'admin');

	update epc_lookup_master set parent_lookup_value =null where lookup_group='epc_product_specification' and lookup_name='product_classification' and lookup_value = 'GP-VAS' and parent_lookup_value = 'VAS' ;
	
	
	</sql>
</changeSet>

<changeSet author="Supratim" id="data_insertion_lookupMstr_03">
<preConditions onFail="MARK_RAN">
			<sqlCheck expectedResult="0">SELECT count(*) from epc_lookup_master where lookup_group='epc_product_specification' and lookup_name='api_indicator' and lookup_value='Manage offer API';
		</sqlCheck>
	</preConditions>
	<comment>epc_lookup_master - new API indicator</comment>
	<sql>
INSERT INTO epc_lookup_master(lookup_group, lookup_name, lookup_value, lookup_display_value, parent_lookup_value,  lookup_description, lookup_sort_order, status, created_date, created_by) 
VALUES 	
('epc_product_specification','api_indicator','Manage offer API','Manage offer API',NULL,'API Indicator',1,'Active',CURRENT_TIMESTAMP(),'admin'),
('epc_product_specification','api_indicator','Specific API','Specific API',NULL,'API Indicator',2,'Active',CURRENT_TIMESTAMP(),'admin'); 

	</sql>
</changeSet>

<changeSet author="Supratim" id="data_insertion_correction_lookupMstr_04">
<preConditions onFail="MARK_RAN">
			<sqlCheck expectedResult="0">SELECT count(*) from epc_lookup_master where lookup_group='epc_product_decomposition' and lookup_name='task' and lookup_value in('SPCODE_ASSIGNMENT','NOTIFY_ALT_PARENT');
		</sqlCheck>
	</preConditions>
	<comment>epc_lookup_master - new task, task_code; BLUEBOX Update</comment>
	<sql>
	INSERT INTO epc_lookup_master(lookup_group, lookup_name, lookup_value, lookup_display_value, parent_lookup_value,  lookup_description, lookup_sort_order, status, created_date, created_by) VALUES     
('epc_product_decomposition','task','APPLY_CHARGES_AND_SUBSCRIBE_OFFER','APPLY_CHARGES_AND_SUBSCRIBE_OFFER','PROCESS','Task',24,'Active',CURRENT_TIMESTAMP(),'admin'),
('epc_product_decomposition','task_code','Charge Subscriber and Subscribe Offer on CBIO','Charge Subscriber and Subscribe Offer on CBIO','APPLY_CHARGES_AND_SUBSCRIBE_OFFER','Task Code',1,'Active',CURRENT_TIMESTAMP(),'admin'),
('epc_product_decomposition','task','SPCODE_ASSIGNMENT','SPCODE_ASSIGNMENT','PROCESS','Task',24,'Active',CURRENT_TIMESTAMP(),'admin'),
('epc_product_decomposition','task_code','Assignment SP Code','Assignment SP Code','SPCODE_ASSIGNMENT','Task Code',1,'Active',CURRENT_TIMESTAMP(),'admin'),
('epc_product_decomposition','task','SOB_UPDATE','SOB_UPDATE','PROCESS','Task',24,'Active',CURRENT_TIMESTAMP(),'admin'),
('epc_product_decomposition','task_code','Update SOB Bit update','Update SOB Bit update','SOB_UPDATE','Task Code',1,'Active',CURRENT_TIMESTAMP(),'admin'),
('epc_product_decomposition','task','NOTIFY_PARENT','NOTIFY_PARENT','NOTIFY','Task',24,'Active',CURRENT_TIMESTAMP(),'admin'),
('epc_product_decomposition','task_code','Send notification to Parent','Send notification to Parent','NOTIFY_PARENT','Task Code',1,'Active',CURRENT_TIMESTAMP(),'admin'),
('epc_product_decomposition','task','NOTIFY_ALT_PARENT','NOTIFY_ALT_PARENT','NOTIFY','Task',24,'Active',CURRENT_TIMESTAMP(),'admin'),
('epc_product_decomposition','task_code','Send notification to Alternate Parent','Send notification to Alternate Parent','NOTIFY_ALT_PARENT','Task Code',1,'Active',CURRENT_TIMESTAMP(),'admin');

	update epc_lookup_master set lookup_value = 'BLUEBOX' where lookup_value ='Biometric (BlueBox) Application';
;
	
	
	</sql>
</changeSet>

<changeSet author="Supratim" id="data_insertion_correction_lookupMstr_05">
<preConditions onFail="MARK_RAN">
			<sqlCheck expectedResult="0">SELECT count(*) from epc_lookup_master where lookup_group='epc_product_specification' and lookup_name='product_quota_uom' and parent_lookup_value='VAS' and lookup_value ='Minutes';
		</sqlCheck>
	</preConditions>
	<comment>epc_lookup_master - new product_quota_uom with parent; with parent:VAS delete</comment>
	<sql>
	delete from epc_lookup_master where lookup_name = 'product_quota_uom' and parent_lookup_value= 'VAS';
INSERT INTO epc_lookup_master(lookup_group, lookup_name, lookup_value, lookup_display_value, parent_lookup_value,  lookup_description, lookup_sort_order, status, created_date, created_by) 
VALUES 
('epc_product_specification','product_quota_uom','Minutes','Minutes','VAS','Product Quota Uom',1,'Active',CURRENT_TIMESTAMP(),'admin'),
('epc_product_specification','product_quota_uom','Minutes','Minutes','GP-VAS','Product Quota Uom',1,'Active',CURRENT_TIMESTAMP(),'admin');
	
	</sql>
	</changeSet>

<changeSet author="Supratim" id="data_deletion_config">
	<comment>Config Unnecessary Rate Delete</comment>
	<sql>
	delete from config where config_group='Price Rate' and config_key in ('OnNet','AnyNet','Data','SMS')
	</sql>
</changeSet>	
	
<changeSet author="Supratim" id="data_clone_template">
 <preConditions onFail="MARK_RAN">
			<sqlCheck expectedResult="0">select count(*) from epc_notification_template where template_name='Retire_Product_NotificationTemplate' and template_type = 'Clone Product';</sqlCheck>
	</preConditions>
	<comment>Clone Product Retire Notification data</comment>
	<sqlFile 
            encoding="utf8"          
            path="db/sqlfile/clone_template.sql"            
            splitStatements="true"
            stripComments="true"/>
</changeSet>

<changeSet author="Supratim" id="data_insertion_lookupMstr_06">
<preConditions onFail="MARK_RAN">
			<sqlCheck expectedResult="0">SELECT count(*) from epc_lookup_master where lookup_group='epc_notification_template' and lookup_name='notification_type' and parent_lookup_value='EPC' and lookup_value ='Product_GP-VAS_GP-VAS';
		</sqlCheck>
		<sqlCheck expectedResult="0">SELECT count(*) from epc_lookup_master where lookup_group='order_type' and lookup_name='order_type' and lookup_value ='BULK_REREGISTRATION_VERIFICATION';
		</sqlCheck>
	</preConditions>
	<comment>epc_lookup_master - new notification,task,order_type</comment>
	<sql>
	INSERT INTO epc_lookup_master(lookup_group, lookup_name, lookup_value, lookup_display_value, parent_lookup_value,  lookup_description, lookup_sort_order, status, created_date, created_by) 
VALUES 
('epc_notification_template','notification_type','Product_GP-VAS_GP-VAS','Product_GP-VAS_GP-VAS','EPC','Notification Type',32,'Active',CURRENT_TIMESTAMP(),'admin'),
('epc_product_decomposition','task','VALIDATE_STAR_STATUS','VALIDATE_STAR_STATUS','PROCESS','Task',24,'Active',CURRENT_TIMESTAMP(),'admin'),
('epc_product_decomposition','task','UPDATE_BILL_MODE','UPDATE_BILL_MODE','PROCESS','Task',25,'Active',CURRENT_TIMESTAMP(),'admin'),
('epc_product_decomposition','task','UPDATE_TAX_EXEMPTION_FLAG','UPDATE_TAX_EXEMPTION_FLAG','PROCESS','Task',26,'Active',CURRENT_TIMESTAMP(),'admin'),
('epc_product_decomposition','task_code','Validate Star Status from ODS','Validate Star Status from ODS','VALIDATE_STAR_STATUS','Task Code',1,'Active',CURRENT_TIMESTAMP(),'admin'),
('epc_product_decomposition','task_code','Update Bill Mode','Update Bill Mode','UPDATE_BILL_MODE','Task Code',1,'Active',CURRENT_TIMESTAMP(),'admin'),
('epc_product_decomposition','task_code','Update Tax exemption flag in CBIO','Update Tax exemption flag in CBIO','UPDATE_TAX_EXEMPTION_FLAG','Task Code',1,'Active',CURRENT_TIMESTAMP(),'admin'),
('order_type','order_type','BULK_ACTIVATION_VERIFICATION','BULK_ACTIVATION_VERIFICATION',NULL,'Order Type',28,'Active',CURRENT_TIMESTAMP(),'admin'),
('order_type','order_type','BULK_REREGISTRATION_VERIFICATION','BULK_REREGISTRATION_VERIFICATION',NULL,'Order Type',28,'Active',CURRENT_TIMESTAMP(),'admin');
	
	</sql>
	</changeSet>
	
   <changeSet id="data_insertion_Config_1" author="Supratim" >
 <preConditions onFail="MARK_RAN">
			<sqlCheck expectedResult="0">select count(*) from config where config_group='Authentication' and config_key ='AuthenticationType'</sqlCheck>
	</preConditions>
   <comment>Configuration Table Data for Authentication mode</comment>
   	<sqlFile 
            encoding="utf8"          
            path="db/sqlfile/config_auth_data.sql"            
            splitStatements="true"
            stripComments="true"/>
   </changeSet> 
   
   <changeSet author="Supratim" id="data_insertion_uml_01">
 <preConditions onFail="MARK_RAN">
			<sqlCheck expectedResult="0">select count(*) from users where username='CRM360_1';</sqlCheck>
	</preConditions>
	<comment>Transition Authorities</comment>
	<sqlFile 
            encoding="utf8"          
            path="db/sqlfile/dml_uam_corrections.sql"            
            splitStatements="true"
            stripComments="true"/>
</changeSet>

<changeSet author="Supratim" id="data_insertion_lookupMstr_07">
<preConditions onFail="MARK_RAN">
			<sqlCheck expectedResult="0">SELECT count(*) from epc_lookup_master where lookup_group='epc_product_decomposition' and lookup_name='task' and lookup_value='UPDATE_DA' and parent_lookup_value='PROCESS';
		</sqlCheck>		
	</preConditions>
	<comment>epc_lookup_master - new notification,task,order_type</comment>
	<sql>
	update epc_lookup_master set parent_lookup_value='VALIDATE' where lookup_group='epc_product_decomposition' and lookup_name='task' and lookup_value='VALIDATE_STAR_STATUS';

INSERT INTO epc_lookup_master(lookup_group, lookup_name, lookup_value, lookup_display_value, parent_lookup_value,  lookup_description, lookup_sort_order, status, created_date, created_by) 
VALUES 
('epc_product_decomposition','task','UPDATE_DA','UPDATE_DA','PROCESS','Task',29,'Active',CURRENT_TIMESTAMP(),'admin'),
('epc_product_decomposition','task','ADD_CORPORATE_VID','ADD_CORPORATE_VID','PROCESS','Task',30,'Active',CURRENT_TIMESTAMP(),'admin'),
('epc_product_decomposition','task','ADD_USAGE_VID','ADD_USAGE_VID','PROCESS','Task',31,'Active',CURRENT_TIMESTAMP(),'admin'),
('epc_product_decomposition','task_code','Update applicable DA on CBIO','Update applicable DA on CBIO','UPDATE_DA','Task Code',29,'Active',CURRENT_TIMESTAMP(),'admin'),
('epc_product_decomposition','task_code','Add Corporate VID on CBIO','Add Corporate VID on CBIO','ADD_CORPORATE_VID','Task Code',30,'Active',CURRENT_TIMESTAMP(),'admin'),
('epc_product_decomposition','task_code','Add Usage VID on CBIO','Add Usage VID on CBIO','ADD_USAGE_VID','Task Code',31,'Active',CURRENT_TIMESTAMP(),'admin'),
('epc_product_specification','product_classification','Others','Others','Voice','Product Classification',8,'Active',CURRENT_TIMESTAMP(),'admin');
	
	</sql>
	</changeSet>
	
   <changeSet id="data_insertion_Config_02" author="Supratim" >
 <preConditions onFail="MARK_RAN">
			<sqlCheck expectedResult="0">select count(*) from config where config_group='ext_api' and config_key ='cache_eligibility_flag'</sqlCheck>
	</preConditions>
   <comment>Configuration Table Data new extapi</comment>
   	<sql>INSERT INTO config (config_group, config_key, config_value,description,status,created_by) VALUES 
   	('ext_api', 'cache_eligibility_flag', 'false', 'Default: false', 'Active','epcSys');
   	</sql>
   </changeSet>
  
  <changeSet author="Supratim" id="data_insertion_lookupMstr_08">
<preConditions onFail="MARK_RAN">
			<sqlCheck expectedResult="0">SELECT count(*) from epc_lookup_master where lookup_group='epc_product_community' and lookup_name='community_status';
		</sqlCheck>		
	</preConditions>
	<comment>epc_lookup_master - new Community Status</comment>
	<sql>INSERT INTO epc_lookup_master(lookup_group, lookup_name, lookup_value, lookup_display_value, parent_lookup_value,  lookup_description, lookup_sort_order, status, created_date, created_by) 
VALUES 	
('epc_product_community','community_status','Active','Active',NULL,'Product Community Status',1,'Active',CURRENT_TIMESTAMP(),'admin'),
('epc_product_community','community_status','Inactive','Inactive',NULL,'Product Community Status',2,'Active',CURRENT_TIMESTAMP(),'admin'),
('epc_product_community','community_status','Deleted','Deleted',NULL,'Product Community Status',3,'Active',CURRENT_TIMESTAMP(),'admin');
	</sql>
</changeSet>
   
     <changeSet id="update_community_status" author="Supratim" >
   <comment>update cummunity status</comment>
   	<sql>
		update epc_product_community set community_status='Active' where community_status is null;
   	</sql>
   </changeSet>

  <changeSet author="Supratim" id="data_insertion_lookupMstr_09">
<preConditions onFail="MARK_RAN">
			<sqlCheck expectedResult="0">
select count(*) from epc_lookup_master where lookup_group='epc_product_decomposition' and lookup_name='task' and lookup_value='UPDATE_SLAB_ID' and parent_lookup_value='PROCESS';
		</sqlCheck>		
	</preConditions>
	<comment>epc_lookup_master - new decomposition</comment>
	<sql>INSERT INTO epc_lookup_master(lookup_group, lookup_name, lookup_value, lookup_display_value, parent_lookup_value,  lookup_description, lookup_sort_order, status, created_date, created_by) 
VALUES 
('epc_product_decomposition','task','UPDATE_SLAB_ID','UPDATE_SLAB_ID','PROCESS','Task',29,'Active',CURRENT_TIMESTAMP(),'admin'),
('epc_product_decomposition','task','UPDATE_SOB','UPDATE_SOB','PROCESS','Task',30,'Active',CURRENT_TIMESTAMP(),'admin'),
('epc_product_decomposition','task_code','Update SlabId  on CBIO','Update SlabId  on CBIO','UPDATE_SLAB_ID','Task Code',29,'Active',CURRENT_TIMESTAMP(),'admin'),
('epc_product_decomposition','task_code','Update SOB on CBIO','Update SOB on CBIO','UPDATE_SOB','Task Code',30,'Active',CURRENT_TIMESTAMP(),'admin');
	
	</sql>
</changeSet>

  <changeSet author="Supratim" id="data_insertion_lookupMstr_10">
<preConditions onFail="MARK_RAN">
			<sqlCheck expectedResult="0">
select count(*) from epc_lookup_master where lookup_group='epc_notification_template' and lookup_name='notification_type' and lookup_value='Product_Voice_Others' and parent_lookup_value='EPC';
		</sqlCheck>		
	</preConditions>
	<comment>epc_lookup_master - new notification_type</comment>
	<sql>INSERT INTO epc_lookup_master(lookup_group, lookup_name, lookup_value, lookup_display_value, parent_lookup_value,  lookup_description, lookup_sort_order, status, created_date, created_by) 
VALUES 
('epc_notification_template','notification_type','Product_Voice_Others','Product_Voice_Others','EPC','Notification Type',3,'Active',CURRENT_TIMESTAMP(),'admin');

	</sql>
</changeSet>

   <changeSet id="data_insertion_Config_03" author="Supratim" >
 <preConditions onFail="MARK_RAN">
			<sqlCheck expectedResult="0">select count(*) from config where config_group='LookupService' and config_key ='LookupReloadCount'</sqlCheck>
	</preConditions>
   <comment>Configuration Table Data -reload listner</comment>
   	<sql>INSERT INTO config (config_group, config_key, config_value,description,status,created_by) VALUES 
   	('LookupService', 'LookupReloadCount', '0', 'Count need to be increased by 1 for reloading lookupMaster cache', 'Active','epcSys'),
   	('LoggingService', 'LoggingLevel', 'INFO', 'LOV - INFO,ERROR,WARN,TRACE,DEBUG; Default - INFO', 'Active','epcSys');
   	</sql>
   </changeSet>
   
   
 <changeSet id="data_insertion_Config_05" author="Supratim" >
 <preConditions onFail="MARK_RAN">
			<sqlCheck expectedResult="0">select count(*) from config where config_group='log' and config_key ='node'</sqlCheck>
	</preConditions>
   <comment>Configuration Table Node data</comment>
   	<sql>INSERT INTO config (config_group, config_key, config_value,status,created_by) VALUES 
   	('log', 'node', '10.21.8.21:8080,10.21.8.22:8080', 'Active','epcSys');
   	</sql>
   </changeSet>  
   
   
     <changeSet author="Supratim" id="data_insertion_lookupMstr_11">
<preConditions onFail="MARK_RAN">
			<sqlCheck expectedResult="0">
select count(*) from epc_lookup_master where lookup_group='epc_product_init_channel' and lookup_name='channel_id' and lookup_value='ecare';
		</sqlCheck>		
	</preConditions>
	<comment>epc_lookup_master - new init_channel</comment>
	<sql>INSERT INTO epc_lookup_master(lookup_group, lookup_name, lookup_value, lookup_display_value, parent_lookup_value,  lookup_description, lookup_sort_order, status, created_date, created_by) 
VALUES 
('epc_product_init_channel','channel_id','ecare','ecare',NULL,'Channel Id',7,'Active',CURRENT_TIMESTAMP(),'admin'); 
	</sql>
</changeSet>

<changeSet id="Config_transaction_change" author="Supratim" runOnChange="true">
<preConditions onFail="WARN">
	 	<tableExists tableName="config"/>
	 </preConditions>
   <comment>Making Transaction logging Active/Inactive</comment>
     <sql>update config set config_value='false', modified_date=current_timestamp, modified_by='admin' where config_group='Transaction' and config_key='Control';</sql>
</changeSet>

     <changeSet author="Supratim" id="data_insertion_lookupMstr_12">
<preConditions onFail="MARK_RAN">
			<sqlCheck expectedResult="0">
select count(*) from epc_lookup_master where lookup_group='order_type' and lookup_name='order_type' and lookup_value='VERIFY_FIRST_OWNER';
		</sqlCheck>		
	</preConditions>
	<comment>epc_lookup_master - new order_type</comment>
	<sql>INSERT INTO epc_lookup_master(lookup_group, lookup_name, lookup_value, lookup_display_value, parent_lookup_value,  lookup_description, lookup_sort_order, status, created_date, created_by) 
VALUES                
('order_type','order_type','VERIFY_FIRST_OWNER','VERIFY_FIRST_OWNER',NULL,'Order Type',28,'Active',CURRENT_TIMESTAMP(),'admin');	
	</sql>
</changeSet>

<changeSet author="Supratim" id="data_insertion_lookupMstr_13">
<preConditions onFail="MARK_RAN">
			<sqlCheck expectedResult="0">
select count(*) from epc_lookup_master where lookup_group='order_type' and lookup_name='order_type' and lookup_value='POSTPAID_FREE_SIM_ACTIVATION';
		</sqlCheck>		
	</preConditions>
	<comment>epc_lookup_master - new order_type</comment>
	<sql>INSERT INTO epc_lookup_master(lookup_group, lookup_name, lookup_value, lookup_display_value, parent_lookup_value,  lookup_description, lookup_sort_order, status, created_date, created_by) 
VALUES                
('order_type','order_type','POSTPAID_FREE_SIM_ACTIVATION','POSTPAID_FREE_SIM_ACTIVATION',NULL,'Order Type',29,'Active',CURRENT_TIMESTAMP(),'admin');
	</sql>
</changeSet>

<changeSet author="Supratim" id="data_insertion_lookupMstr_14">
<preConditions onFail="MARK_RAN">
			<sqlCheck expectedResult="0">
select count(*) from epc_lookup_master where lookup_group='epc_product_decomposition' and lookup_name='task' and lookup_value='ADD_FNF_MEMBER';
		</sqlCheck>		
	</preConditions>
	<comment>epc_lookup_master - new order_type</comment>
	<sql>INSERT INTO epc_lookup_master(lookup_group, lookup_name, lookup_value, lookup_display_value, parent_lookup_value,  lookup_description, lookup_sort_order, status, created_date, created_by) VALUES
('epc_product_decomposition','task','ADD_FNF_MEMBER','ADD_FNF_MEMBER','PROCESS','Task',25,'Active',CURRENT_TIMESTAMP(),'admin');
	</sql>
</changeSet>

<changeSet author="Supratim" id="data_insertion_lookupMstr_15">
<preConditions onFail="MARK_RAN">
			<sqlCheck expectedResult="0">
select count(*) from epc_lookup_master where lookup_group='epc_product_decomposition' and lookup_name='task_code' and lookup_value='Add FnF member';
		</sqlCheck>		
	</preConditions>
	<comment>epc_lookup_master - new order_type</comment>
	<sql>INSERT INTO epc_lookup_master(lookup_group, lookup_name, lookup_value, lookup_display_value, parent_lookup_value,  lookup_description, lookup_sort_order, status, created_date, created_by) 
VALUES 
('epc_product_decomposition','task_code','Add FnF member','Add FnF member','ADD_FNF_MEMBER','Task Code',1,'Active',CURRENT_TIMESTAMP(),'admin')

	</sql>
</changeSet>

<changeSet author="Supratim" id="role_function_map_update">
<preConditions onFail="MARK_RAN">
			<sqlCheck expectedResult="0">
select count(*) from role_function_map where role_id=4 and function_id=(select function_id from function where name='Page_CreateProduct');
		</sqlCheck>		
	</preConditions>
	<comment>product approver role function update</comment>
	<sql>
	Insert into role_function_map (role_id,function_id,created_by,created_date) 
values
(4, (select function_id from function where name='Edit_Product' ), 'admin', current_timestamp()),
(4, (select function_id from function where name='Edit_Product_Post_Submit' ), 'admin', current_timestamp()),
(4, (select function_id from function where name='Page_CreateProduct' ), 'admin', current_timestamp()),
(4, (select function_id from function where name='Page_CreateViewCharacteristics' ), 'admin', current_timestamp()),
(4, (select function_id from function where name='Page_NotificationTemplate' ), 'admin', current_timestamp()), 	
(4, (select function_id from function where name='Page_ManageCommunity' ), 'admin', current_timestamp()),
(4, (select function_id from function where name='Page_ManageActivity' ), 'admin', current_timestamp()),
(4, (select function_id from function where name='Page_ManageOrder' ), 'admin', current_timestamp()),
(4, (select function_id from function where name='Transition_Suspend_Draft' ), 'admin', current_timestamp());
	</sql>
</changeSet>


 <changeSet id="data_insertion_Config_06_crrct" author="Supratim" >
 <preConditions onFail="MARK_RAN">
			<sqlCheck expectedResult="0">select count(*) from config where config_group='ext_api' and config_key ='non-receiver_rateplans'</sqlCheck>
	</preConditions>
   <comment>Configuration Table Node data</comment>
   	<sql>INSERT INTO config (config_group, config_key, config_value,description,status,created_by) VALUES 
   	('ext_api', 'flexi_validity', '1,7,15,30', 'Valid values for flexi plan validity', 'Active', 'epcSys'),
   	('ext_api', 'non-receiver_rateplans', '14,15,1273,1274', 'receiver rate plan shouldn''t be one of these values', 'Active','epcSys');
   	</sql>
   </changeSet> 
   
        <changeSet author="Supratim" id="data_insertion_lookupMstr_16_modifying">
<preConditions onFail="MARK_RAN">
			<sqlCheck expectedResult="0">
select count(*) from epc_lookup_master where lookup_group='epc_product_decomposition' and lookup_name='task' and lookup_value='NOTIFY_GREETING_TEXT';
		</sqlCheck>		
	</preConditions>
	<comment>epc_lookup_master - new init_channel, decomposition</comment>
	<sql>INSERT INTO epc_lookup_master(lookup_group, lookup_name, lookup_value, lookup_display_value, parent_lookup_value,  lookup_description, lookup_sort_order, status, created_date, created_by) 
VALUES 
('epc_product_init_channel','channel_id','Flexi-plan App (flxpln)','Flexi-plan App (flxpln)',NULL,'Channel Id',14,'Active',CURRENT_TIMESTAMP(),'admin'),
('epc_product_decomposition','task','NOTIFY_GREETING_TEXT','NOTIFY_GREETING_TEXT','NOTIFY','Task',26,'Active',CURRENT_TIMESTAMP(),'admin'),
('epc_product_decomposition','task_code','Send Greeting Text to other customer','Send Greeting Text to other customer','NOTIFY_GREETING_TEXT','Task Code',1,'Active',CURRENT_TIMESTAMP(),'admin'),
('epc_product_decomposition','task','NOTIFY_OTHER_CUSTOMER','NOTIFY_OTHER_CUSTOMER','NOTIFY','Task',27,'Active',CURRENT_TIMESTAMP(),'admin'),
('epc_product_decomposition','task_code','Send notification to other customer','Send notification to other customer','NOTIFY_OTHER_CUSTOMER','Task Code',2,'Active',CURRENT_TIMESTAMP(),'admin'); 
	</sql>
</changeSet>

<changeSet author="Supratim" id="data_insertion_lookupMstr_17">
<preConditions onFail="MARK_RAN">
			<sqlCheck expectedResult="0">
select count(*) from epc_lookup_master where lookup_group='epc_product_specification' and lookup_name='downstream_system' and lookup_value='COMS_SIMPLE';
		</sqlCheck>		
	</preConditions>
	<comment>epc_lookup_master - new downstream_system</comment>
	<sql>INSERT INTO epc_lookup_master(lookup_group, lookup_name, lookup_value, lookup_display_value, parent_lookup_value,  lookup_description, lookup_sort_order, status, created_date, created_by) 
VALUES 
('epc_product_specification','downstream_system','COMS_SIMPLE','COMS_SIMPLE',NULL,'Downstream System',5,'Active',CURRENT_TIMESTAMP(),'admin');
	</sql>
</changeSet>

<changeSet author="Supratim" id="data_update_lookupMstr_flxplnCorrected">
<comment>epc_lookup_master - Flexi-plan App(flxpln) to flxpln</comment>
	<sql>
update epc_lookup_master set lookup_value='flxpln', lookup_display_value='flxpln' where lookup_value='Flexi-plan App (flxpln)';
	</sql>
</changeSet>

<changeSet author="Supratim" id="data_insertion_lookupMstr_18">
<preConditions onFail="MARK_RAN">
			<sqlCheck expectedResult="0">
select count(*) from epc_lookup_master where lookup_group='order_type' and lookup_name='order_type' and lookup_value='SM_SUBS';
		</sqlCheck>		
	</preConditions>
	<comment>epc_lookup_master - new order_type, node_type</comment>
	<sql>INSERT INTO epc_lookup_master(lookup_group, lookup_name, lookup_value, lookup_display_value, parent_lookup_value,  lookup_description, lookup_sort_order, status, created_date, created_by) 
VALUES                
('order_type','order_type','SM_SUBS','SM_SUBS',NULL,'Order Type',30,'Active',CURRENT_TIMESTAMP(),'admin'),
('order_type','order_type','SM_UNSU','SM_UNSU',NULL,'Order Type',31,'Active',CURRENT_TIMESTAMP(),'admin'),
('epc_product_decomposition','node_type','SM','SM',NULL,'Node Type',14,'Active',CURRENT_TIMESTAMP(),'admin'),
('epc_product_decomposition','node_type','RBT','RBT',NULL,'Node Type',14,'Active',CURRENT_TIMESTAMP(),'admin'),
('epc_product_decomposition','node_type','On-Mobile','On-Mobile',NULL,'Node Type',14,'Active',CURRENT_TIMESTAMP(),'admin');
	</sql>
</changeSet>

<changeSet author="Supratim" id="data_correction_lookupMstr_02">
<comment>epc_lookup_master - community status change</comment>
	<sql>
update epc_lookup_master set lookup_value='PUBLISHED' , lookup_display_value='PUBLISHED' where lookup_group='epc_product_community' 
and lookup_name='community_status' and lookup_value='Active';
update epc_lookup_master set lookup_value='SAVED' , lookup_display_value='SAVED' where lookup_group='epc_product_community' 
and lookup_name='community_status' and lookup_value='Active';
	</sql>
</changeSet>

<changeSet author="Supratim" id="data_insertion_lookupMstr_19">
<preConditions onFail="MARK_RAN">
			<sqlCheck expectedResult="0">
select count(*) from epc_lookup_master where lookup_group='epc_product_decomposition' and lookup_name='task' and lookup_value='RETRIVE_IMSI' and parent_lookup_value='PROCESS';
		</sqlCheck>		
	</preConditions>
	<comment>epc_lookup_master - new task, node</comment>
	<sql>INSERT INTO epc_lookup_master(lookup_group, lookup_name, lookup_value, lookup_display_value, parent_lookup_value,  lookup_description, lookup_sort_order, status, created_date, created_by) VALUES
('epc_product_decomposition','task','RETRIVE_IMSI','RETRIVE_IMSI','PROCESS','Task',26,'Active',CURRENT_TIMESTAMP(),'admin'),
('epc_product_decomposition','task','GENERATE_OTP','GENERATE_OTP','PROCESS','Task',27,'Active',CURRENT_TIMESTAMP(),'admin'),
('epc_product_decomposition','task','CBVMP_RESOURCE_ACTIVITY','CBVMP_RESOURCE_ACTIVITY','PROCESS','Task',28,'Active',CURRENT_TIMESTAMP(),'admin'),
('epc_product_decomposition','task','CBVMP_VALIDATE_SUBSCRIBER','CBVMP_VALIDATE_SUBSCRIBER','PROCESS','Task',29,'Active',CURRENT_TIMESTAMP(),'admin'),
('epc_product_decomposition','node_type','HLR','HLR',NULL,'Node Type',15,'Active',CURRENT_TIMESTAMP(),'admin'),
('epc_product_decomposition','node_type','CBVMP','CBVMP',NULL,'Node Type',16,'Active',CURRENT_TIMESTAMP(),'admin');

delete from epc_lookup_master where lookup_group='epc_product_specification' and lookup_name='product_classification' and lookup_value='ContentService' and parent_lookup_value='VAS';
	</sql>
</changeSet>
</databaseChangeLog>