<?xml version="1.0" encoding="UTF-8"?> 
<databaseChangeLog 
  xmlns="http://www.liquibase.org/xml/ns/dbchangelog/1.9" 
  xmlns:xsi="http://www.w3.org/2001/XMLSchema-instance" 
  xsi:schemaLocation="http://www.liquibase.org/xml/ns/dbchangelog/1.9
                      http://www.liquibase.org/xml/ns/dbchangelog/dbchangelog-1.9.xsd"> 
	
<changeSet author="Namrata" id="userMngmnt_basics" dbms="mysql,h2" >
<preConditions onFail="MARK_RAN">
	 	<not><tableExists tableName="users"/></not>
	 </preConditions>	
	<comment>Create User Management Tables</comment>
<sql splitStatements="true">
	create table users (
    username varchar(25) not null,
    password varchar(30) not null,
    enabled varchar(10) not null,
    fname varchar(256) not null,
    lname varchar(256),
    mname varchar(256),
    dob date,
    address varchar(256),
    email varchar(254),
    mobile_number varchar(15),
    employee_no varchar(10),
    created_date datetime  default current_timestamp,
    created_by varchar(25) not null,
    modified_date datetime,
    modified_by varchar(25),
    constraint pk_username primary key (username),
    constraint fk_user_created_by foreign key (created_by)
        references users (username),
    constraint fk_user_modified_by foreign key (modified_by)
        references users (username)
) ;


create table role (
    role_id int unsigned not null auto_increment,
    name varchar(50) not null,
    role_description varchar(256),
    created_date datetime  default current_timestamp,
    created_by varchar(25) not null,
    modified_date datetime,
    modified_by varchar(25),
    constraint pk_role_id primary key (role_id),
    constraint fk_role_created_by foreign key (created_by)
        references users (username),
    constraint fk_role_modified_by foreign key (modified_by)
        references users (username),
    constraint uk_role_name unique (name)
) ;

create table user_role_map (
    user_role_map_id int unsigned not null auto_increment,
    user_name varchar(25) not null,
    role_id int unsigned not null,
    created_date datetime  default current_timestamp,
    created_by varchar(25) not null,
    constraint pk_user_role_map_id primary key (user_role_map_id),
    constraint fk_user_role_map_username foreign key (user_name)
        references users (username),
    constraint fk_user_role_map_role_id foreign key (role_id)
        references role (role_id),
    constraint fk_user_role_map_created_by foreign key (created_by)
        references users (username)
) ;


create table function (
    function_id int unsigned not null auto_increment,
    name varchar(50) not null,
    description varchar(256),
    created_date datetime  default current_timestamp,
    created_by varchar(25) not null,
    modified_date datetime,
    modified_by varchar(25),
    constraint pk_function_id primary key (function_id),
    constraint fk_function_created_by foreign key (created_by)
        references users (username),
    constraint fk_function_modified_by foreign key (modified_by)
        references users (username),
    constraint uk_function_name unique (name)
) ;


create table role_function_map (
    role_function_map_id int unsigned not null auto_increment,
    role_id int unsigned not null,
    function_id int unsigned not null,
    created_date datetime  default current_timestamp,
    created_by varchar(25) not null,
    constraint pk_role_function_map_id primary key (role_function_map_id),
    constraint fk_role_function_map_function_id foreign key (function_id)
        references function (function_id),
    constraint fk_role_function_map_role_id foreign key (role_id)
        references role (role_id),
    constraint fk_role_function_map_created_by foreign key (created_by)
        references users (username)
) ;


create table authorities (
    authority_id int unsigned not null auto_increment,
    username varchar(25) not null,
    authority varchar(50) not null,
    created_date datetime  default current_timestamp,
    created_by varchar(25) not null,
    constraint pk_authority_id primary key (authority_id),
    constraint fk_authorities_username foreign key (username)
        references users (username),
    constraint fk_authorities_created_by foreign key (created_by)
        references users (username)
) ;
	</sql>
</changeSet>



<changeSet author="Ashweeja" id="epcTables_init" dbms="H2,mysql">
<preConditions onFail="MARK_RAN">
	 	<not><tableExists tableName="epc_product_specification"/></not>
	 </preConditions>
	<comment>Create Table</comment>
	<sql splitStatements="true">
	create table epc_lookup_master (
    lookup_id int unsigned not null auto_increment,
    lookup_group varchar(100) not null,
    lookup_name varchar(100) not null,
    lookup_value varchar(100),
    lookup_display_value varchar(100),
    parent_lookup_value varchar(100),
    lookup_description varchar(200) not null,
    lookup_sort_order int unsigned,
    status varchar(100) not null,
    created_date datetime  default current_timestamp,
    created_by varchar(25) not null,
    modified_date datetime,
    modified_by varchar(25),
    constraint pk_lookup_id primary key (lookup_id),
    constraint fk_lookup_created_by foreign key (created_by)
        references users (username),
    constraint fk_lookup_modified_by foreign key (modified_by)
        references users (username)
) ;


create table epc_location (
    location_id varchar(100) not null,
    location_type	varchar(100) not null,
    parent_location_id	varchar(100),
    location_name	varchar(100),
    status varchar(100) not null,
    created_date datetime  default current_timestamp,
    created_by varchar(25) not null,
    modified_date datetime,
    modified_by varchar(25),
    constraint pk_location_id primary key (location_id),
    constraint fk_parent_location_id foreign key (parent_location_id)
        references epc_location (location_id),
    constraint fk_location_created_by foreign key (created_by)
        references users (username),
    constraint fk_location_modified_by foreign key (modified_by)
        references users (username)
) ;


create table epc_notification_template (
    notification_template_id int unsigned not null auto_increment,
    template_name varchar(100),
    template_type varchar(100) not null,
    source_system varchar(100) not null,
    mode_of_delivery	varchar(100) not null,
    status varchar(100) not null,
    created_date datetime default current_timestamp,
    created_by varchar(25) not null,
    modified_date datetime,
    modified_by varchar(25),
    constraint pk_notification_template_id primary key (notification_template_id),
    constraint fk_notification_template_created_by foreign key (created_by)
        references users (username),
    constraint fk_notification_template_modified_by foreign key (modified_by)
        references users (username),
    constraint uk_notif_template_type_name unique (template_type, template_name)
) ;


create table epc_product_specification (
    product_id int unsigned not null auto_increment,
    copied_from_product_id int unsigned ,
    retire_previous_product varchar(100),
    product_short_code varchar(100) not null,
    product_description varchar(2000) not null,
    product_marketing_name varchar(100) not null,
    downstream_system	varchar(100),
    product_type varchar(100) not null,
    product_family varchar(100),
    product_sub_family varchar(100),
    product_classification varchar(100),
    product_category varchar(100),
    product_sub_category varchar(100),
    product_status varchar(100) not null,
    min_subscription tinyint(1) unsigned default 1,
    max_subscription int unsigned,
    product_quota decimal(18 , 6 ),
    product_quota_uom varchar(100),
    product_quota_duration int unsigned,
    product_quota_duration_uom varchar(100),
    product_association_level varchar(100),
    is_auto_renewal_allowed tinyint(1) unsigned,
    is_mandatory_in_bundle tinyint(1) unsigned,
    is_bundle tinyint(1) unsigned,
    is_hybrid tinyint(1) unsigned,
    is_redeemable tinyint(1) unsigned,
    is_usage_product tinyint(1) unsigned,
    is_discount_product tinyint(1) unsigned,
    is_contract_product tinyint(1) unsigned,
    is_template_product tinyint(1) unsigned,
    is_roaming_product	tinyint(1) unsigned,
    is_product_paused	tinyint(1) unsigned,
    is_otc_allowed tinyint(1) unsigned,
    is_rc_allowed tinyint(1) unsigned,
    is_uc_allowed tinyint(1) unsigned,    
    vsmd_component	varchar(4),
    api_indicator varchar(100),
    created_date datetime  default current_timestamp,
    created_by varchar(25) not null,
    modified_date datetime,
    modified_by varchar(25),
    constraint pk_product_spec_product_id primary key (product_id),
    constraint fk_product_spec_copy_product_id foreign key (copied_from_product_id)
        references epc_product_specification (product_id),
    constraint fk_product_spec_created_by foreign key (created_by)
        references users (username),
    constraint fk_product_spec_modified_by foreign key (modified_by)
        references users (username),
    constraint uk_product_spec_product_short_code unique (product_short_code)
) ;



create table epc_product_status_history (
    product_status_history_id int unsigned not null auto_increment,
    product_id int unsigned not null,
    product_status varchar(100) not null,
    reason varchar(1000),
    more_info varchar(1000),
    created_date datetime  default current_timestamp,
    created_by varchar(25) not null,
    constraint pk_product_status_his_id primary key (product_status_history_id),
    constraint fk_product_status_hist_product_id foreign key (product_id)
        references epc_product_specification (product_id),
    constraint fk_product_status_hist_created_by foreign key (created_by)
        references users (username)
) ;


create table epc_product_heirarchy (
    product_heirarchy_id int unsigned not null auto_increment,
    parent_product_id int unsigned not null,
    child_product_id int unsigned not null,
    status varchar(100) not null,
    created_date datetime  default current_timestamp,
    created_by varchar(25) not null,
    modified_date datetime,
    modified_by varchar(25),
    constraint pk_product_heirarchy_id primary key (product_heirarchy_id),
    constraint fk_product_heirarchy_parent_product_id foreign key (parent_product_id)
        references epc_product_specification (product_id),
    constraint fk_product_heirarchy_child_product_id foreign key (child_product_id)
        references epc_product_specification (product_id),
    constraint fk_product_heirarchy_created_by foreign key (created_by)
        references users (username),
    constraint fk_product_heirarchy_modified_by foreign key (modified_by)
        references users (username)
) ;



create table epc_attribute_master (
    attribute_id int unsigned not null auto_increment,
    attribute_ctg	varchar(100) not null,
    attribute_ctg_type	varchar(100) ,
    attribute_name varchar(100) not null,
    attribute_description varchar(200),
    attribute_data_type varchar(100) not null,
    attribute_data_length int unsigned not null,
    is_visible	tinyint(1) unsigned ,
    is_cfs tinyint(1) unsigned,
    is_rfs tinyint(1) unsigned,
    status varchar(100) not null,
    created_date datetime  default current_timestamp,
    created_by varchar(25) not null,
    modified_date datetime,
    modified_by varchar(25),
    constraint pk_attribute_id primary key (attribute_id),
    constraint fk_attribute_created_by foreign key (created_by)
        references users (username),
    constraint fk_attribute_modified_by foreign key (modified_by)
        references users (username)
) ;



create table epc_product_attribute (
    product_attribute_id int unsigned not null auto_increment,
    product_id int unsigned not null,
    attribute_id int unsigned not null,
    attribute_value1 varchar(200),
    attribute_value2 varchar(200),
    attribute_uom varchar(100),
    default_value1	varchar(200),
    default_value2	varchar(200),
    is_priceing_attribute tinyint(1) unsigned,
    is_otc_attribute tinyint(1) unsigned,
    is_child_product_attribute tinyint(1) unsigned,
    is_mandatory tinyint(1) unsigned,
    is_input_req_from_channel tinyint(1) unsigned DEFAULT NULL,
    status varchar(100) not null,
    created_date datetime  default current_timestamp,
    created_by varchar(25) not null,
    modified_date datetime,
    modified_by varchar(25),
    constraint pk_product_attribute_id primary key (product_attribute_id),
    constraint fk_product_attribute_product_id foreign key (product_id)
        references epc_product_specification (product_id),
    constraint fk_product_attribute_attribute_id foreign key (attribute_id)
        references epc_attribute_master (attribute_id),
    constraint fk_product_attribute_created_by foreign key (created_by)
        references users (username),
    constraint fk_product_attribute_modified_by foreign key (modified_by)
        references users (username)
) ;



create table epc_product_availability (
    product_availability_id int unsigned not null auto_increment,
    product_id int unsigned not null,
    life_validity_start_date datetime default null,
    life_validity_end_date datetime default null,
    launch_date datetime not null,
    selling_start_date datetime default null,
    selling_end_date datetime default null,
    subscription_start_date datetime default null,
    subscription_end_date datetime default null,
    active_business_hour_from time default null,
    active_business_hour_to time default null,
    subscription_duration int(10),
    subscription_duration_uom	varchar(100),
    status varchar(100) not null,
    created_date datetime  default current_timestamp,
    created_by varchar(25) not null,
    modified_date datetime,
    modified_by varchar(25),
    constraint pk_product_availability_id primary key (product_availability_id),
    constraint fk_product_availability_product_id foreign key (product_id)
        references epc_product_specification (product_id),
    constraint fk_product_availability_created_by foreign key (created_by)
        references users (username),
    constraint fk_product_availability_modified_by foreign key (modified_by)
        references users (username)
) ;



create table epc_product_segment (
    product_segment_id int unsigned not null auto_increment,
    product_id int unsigned not null,
    segment_type varchar(100) not null,
    segment_value varchar(100) not null,
    status varchar(100) not null,
    created_date datetime not null default current_timestamp,
    created_by varchar(25) not null,
    modified_date datetime default null,
    modified_by varchar(25) default null,
    constraint pk_product_segment_id primary key (product_segment_id),
    constraint fk_product_segment_product_id foreign key (product_id)
        references epc_product_specification (product_id),
    constraint fk_product_segment_created_by foreign key (created_by)
        references users (username),
    constraint fk_product_segment_modified_by foreign key (modified_by)
        references users (username)
) ;

	
create table epc_product_location (
    product_location_id int unsigned not null auto_increment,
    product_id int unsigned not null,
    location_code_1	varchar(100) not null,
    location_code_2	varchar(100),
    location_code_3	varchar(100),
    location_code_4	varchar(100),
    location_code_5	varchar(100),
    status varchar(100) not null,
    created_date datetime not null default current_timestamp,
    created_by varchar(25) not null,
    modified_date datetime default null,
    modified_by varchar(25) default null,
    constraint pk_product_location_id primary key (product_location_id),
    constraint fk_product_location_product_id foreign key (product_id)
        references epc_product_specification (product_id),
    constraint fk_product_location_1 foreign key (location_code_1)
        references epc_location (location_id),
    constraint fk_product_location_2 foreign key (location_code_2)
        references epc_location (location_id),
    constraint fk_product_location_3 foreign key (location_code_3)
        references epc_location (location_id),
    constraint fk_product_location_4 foreign key (location_code_4)
        references epc_location (location_id),
    constraint fk_product_location_5 foreign key (location_code_5)
        references epc_location (location_id),
    constraint fk_product_location_created_by foreign key (created_by)
        references users (username),
    constraint fk_product_location_modified_by foreign key (modified_by)
        references users (username)
) ;



create table epc_product_init_channel (
    product_init_channel_id	int unsigned not null auto_increment,
    product_id	int unsigned not null,
    channel_id	varchar(100) not null,
    channel_level_product_id varchar(50) not null,
    channel_level_market_name	varchar(100) not null,
    channel_short_code	varchar(100),
    action_type	varchar(100) not null,
    service_keyword	varchar(100),
    service_keyword_other	varchar(100),
    url_string	varchar(2000),
    is_notification_required	tinyint(1) not null,
    notification_template_id	int unsigned,
    alias	varchar(25),
    status varchar(100) not null,
    created_date datetime  default current_timestamp,
    created_by varchar(25) not null,
    modified_date datetime,
    modified_by varchar(25),
    constraint pk_init_channel_id primary key (product_init_channel_id),
    constraint fk_init_channel_product_id foreign key (product_id)
        references epc_product_specification (product_id),
    constraint fk_init_channel_notif_tpl_id foreign key (notification_template_id)
        references epc_notification_template (notification_template_id),
    constraint fk_init_channel_created_by foreign key (created_by)
        references users (username),
    constraint fk_init_channel_modified_by foreign key (modified_by)
        references users (username)
) ;



create table epc_product_sales_channel	(
    product_sales_channel_id	int unsigned not null auto_increment,
    product_id	int unsigned not null,
    partner_type	varchar(100) not null,
    partners_list	varchar(200),
    status varchar(100) not null,
    created_date datetime  default current_timestamp,
    created_by varchar(25) not null,
    modified_date datetime,
    modified_by varchar(25),
    constraint pk_sale_channel_id primary key (product_sales_channel_id),
    constraint fk_sale_channel_product_id foreign key (product_id)
        references epc_product_specification (product_id),
    constraint fk_sale_channel_created_by foreign key (created_by)
        references users (username),
    constraint fk_sale_channel_modified_by foreign key (modified_by)
        references users (username)
) ;



create table epc_product_migration (
    product_migration_id int unsigned not null auto_increment,
    source_category varchar(100) not null,
    source_product_id int unsigned,
    target_category varchar(100) not null,
    target_product_id int unsigned,
    migration_channel varchar(100),
    inclusive_or_exclusive	varchar(100) not null,
    migration_remark	varchar(250),
    status varchar(100) not null,
    created_date datetime  default current_timestamp,
    created_by varchar(25) not null,
    modified_date datetime,
    modified_by varchar(25),
    constraint pk_product_migration_id primary key (product_migration_id),
    constraint fk_product_migration_source_product_id foreign key (source_product_id)
        references epc_product_specification (product_id),
    constraint fk_product_migration_target_product_id foreign key (target_product_id)
        references epc_product_specification (product_id),
    constraint fk_product_migration_created_by foreign key (created_by)
        references users (username),
    constraint fk_product_migration_modified_by foreign key (modified_by)
        references users (username)
) ;



create table epc_product_compatibility (
  product_compatibility_id int unsigned not null auto_increment,
  product_id int unsigned not null,
  other_product_id int unsigned not null,
  inclusive_or_exclusive varchar(100) not null,
  status varchar(100) not null,
  created_date datetime default current_timestamp,
  created_by varchar(25) not null,
  modified_date datetime,
  modified_by varchar(25),
  constraint pk_product_compatibility_id primary key (product_compatibility_id),
  constraint fk_product_compatibility_created_by foreign key (created_by) 
	references users (username),
  constraint fk_product_compatibility_modified_by foreign key (modified_by) 
	references users (username),
  constraint fk_product_compatibility_other_product_id foreign key (other_product_id) 
	references epc_product_specification (product_id),
  constraint fk_product_compatibility_product_id foreign key (product_id) 
	references epc_product_specification (product_id)
) ;



create table epc_product_community	(
    product_community_id	int unsigned not null auto_increment,
    product_id	int unsigned not null,
    community_id varchar(50),
    applicable_emp_band	varchar(50),
    community_name	varchar(250),
    discounted_price decimal(18,6),
    slab_id	varchar(50),
    is_employee_allowed_to_purchase tinyint(1),
    status varchar(100) not null,
    created_date datetime  default current_timestamp,
    created_by varchar(25) not null,
    modified_date datetime,
    modified_by varchar(25),
    constraint pk_product_community_id primary key (product_community_id),
    constraint fk_product_community_product_id foreign key (product_id)
        references epc_product_specification (product_id),
    constraint fk_product_community_created_by foreign key (created_by)
        references users (username),
    constraint fk_product_community_modified_by foreign key (modified_by)
        references users (username),
    constraint uk_community unique(product_id,community_id,applicable_emp_band)
) ;

	
create table epc_order_channel_rule (
    order_channel_rule_id int unsigned not null auto_increment,
    order_type varchar(100) not null,
    product_sub_family varchar(100) ,
    product_classification varchar(100) ,
    sales_channel varchar(100) ,
    initiating_channel varchar(100) ,
    is_consent_required	tinyint(1),
    notification_template_id	int unsigned,
    is_future_date	tinyint(1),
    currency varchar(100) ,
    status varchar(100) not null,
    created_date datetime  default current_timestamp,
    created_by varchar(25) not null,
    modified_date datetime,
    modified_by varchar(25),
    constraint pk_order_channel_rule_id primary key (order_channel_rule_id),
    constraint fk_order_channel_rule_notif_tpl_id foreign key (notification_template_id)
        references epc_notification_template (notification_template_id),
    constraint fk_order_channel_rule_created_by foreign key (created_by)
        references users (username),
    constraint fk_order_channel_rule_modified_by foreign key (modified_by)
        references users (username),
    constraint uk_order_channel unique (order_type, product_sub_family, product_classification, sales_channel, initiating_channel)
) ;


create table epc_product_decomposition (
  product_decomposition_id int(10) unsigned not null auto_increment,
  order_type varchar(100) not null,
  service_id_sequence varchar(100) default null,
--  task_id varchar(100) not null,
  task varchar(250),
  task_type	varchar(100) ,
  param_name varchar(2000),
  param_value varchar(2000),
  product_sub_family varchar(100) ,
  product_classification varchar(100) ,
  product_short_code varchar(100),  
  node_type varchar(100) default null,
  node_id varchar(100) default null,
  url_string varchar(250) default null,
  integration_mode	varchar(100) ,
  is_notification_required	tinyint(1) unsigned,
  notification_template_id int(10) unsigned default null,
  start_date datetime default null,
  end_date datetime default null,
  status varchar(100),
  created_date datetime default current_timestamp,
  created_by varchar(25) not null,
  modified_date datetime default null,
  modified_by varchar(25) default null,
  constraint pk_product_decomposition_id primary key (product_decomposition_id),  
  constraint fk_product_decomposition_created_by foreign key (created_by) 
  	references users (username),
  constraint fk_product_decomposition_modified_by foreign key (modified_by) 
  	references users (username),
  constraint fk_product_decomposition_notif_id foreign key (notification_template_id) 
  	references epc_notification_template (notification_template_id),
  constraint fk_product_decomp_short_code foreign key(product_short_code) 
  	references epc_product_specification(product_short_code)
);


create table epc_product_network_tpl	(
    network_template_id	int unsigned not null auto_increment,
    template_type	varchar(100) not null,
    template_name varchar(100) not null,
    access_service_id	int unsigned not null,
    access_service_name	varchar(200),
    access_service_description	varchar(200),
    status varchar(100) not null,
    created_date datetime not null default current_timestamp,
    created_by varchar(25) not null,
    modified_date datetime default null,
    modified_by varchar(25) default null,
    constraint pk_network_template_id primary key (network_template_id),
    constraint fk_network_template_created_by foreign key (created_by)
        references users (username),
    constraint fk_network_template_modified_by foreign key (modified_by)
        references users (username)
) ;


create table epc_product_network_tpl_map	(
    product_template_map_id	int unsigned not null auto_increment,
    product_id	int unsigned not null,
    template_name	varchar(100) not null,
    status varchar(100) not null,
    created_date datetime not null default current_timestamp,
    created_by varchar(25) not null,
    modified_date datetime default null,
    modified_by varchar(25) default null,
    constraint pk_product_network_tpl_id primary key (product_template_map_id),
    constraint fk_product_network_tpl_product_id foreign key (product_id)
        references epc_product_specification (product_id),
    constraint fk_product_network_tpl_created_by foreign key (created_by)
        references users (username),
    constraint fk_product_network_tpl_modified_by foreign key (modified_by)
        references users (username)
) ;


create table epc_product_testsuit (
    testsuit_id int unsigned not null auto_increment,
    product_id int unsigned not null,
    testsuit_file_name varchar(100),
    testsuit_file_desc varchar(100),
    testsuit_file_path varchar(250),
    status varchar(100) not null,
    created_date datetime not null default current_timestamp,
    created_by varchar(25) not null,
    modified_date datetime default null,
    modified_by varchar(25) default null,
    constraint pk_product_testsuit_id primary key (testsuit_id),
    constraint fk_product_testsuit_product_id foreign key (product_id)
        references epc_product_specification (product_id),
    constraint fk_product_testsuit_created_by foreign key (created_by)
        references users (username),
    constraint fk_product_testsuit_modified_by foreign key (modified_by)
        references users (username)
) ;

create table epc_product_process_flow (
    product_process_flow_id int unsigned not null auto_increment,
    function_id int unsigned not null,
    from_status varchar(100) ,
    to_status varchar(100) not null,
    state_transition_remarks varchar(100) not null,
    status varchar(100) not null,
    created_date datetime default current_timestamp,
    created_by varchar(25) not null,
    modified_date datetime,
    modified_by varchar(25),
    constraint pk_process_flow_id primary key (product_process_flow_id),
    constraint fk_process_flow_function_id foreign key (function_id) 
    	references function (function_id),
    constraint fk_process_flow_created_by foreign key (created_by) 
    	references users (username),
    constraint fk_process_flow_modified_by foreign key (modified_by) 
    	references users (username)
) ;


CREATE TABLE epc_trigger_order_rule (
    trigger_order_rule_id INT UNSIGNED NOT NULL AUTO_INCREMENT,
    source_order_type varchar(100) NOT NULL,
    source_product_classification varchar(100) ,
    source_product_sub_family varchar(100) ,
    source_product_short_code VARCHAR(50),
    triggered_order_type varchar(100) NOT NULL,
    triggered_product_classification varchar(100) ,
    triggered_product_sub_family varchar(100) ,
    triggered_product_short_code VARCHAR(50),
    rule_validation_duration INT UNSIGNED,
    rule_validation_duration_uom varchar(100) ,
    subscription_within_duration INT UNSIGNED,
    subscription_within_duration_uom varchar(100) ,
    status varchar(100) NOT NULL,
    created_date DATETIME DEFAULT CURRENT_TIMESTAMP,
    created_by VARCHAR(25) NOT NULL,
    modified_date DATETIME DEFAULT NULL,
    modified_by VARCHAR(25) DEFAULT NULL,
    CONSTRAINT pk_trigger_order_rule_id PRIMARY KEY (trigger_order_rule_id), 
    CONSTRAINT fk_trigger_rule_created_by FOREIGN KEY (created_by)
        REFERENCES users (username),
    CONSTRAINT fk_trigger_rule_modified_by FOREIGN KEY (modified_by)
        REFERENCES users (username)
);

create table epc_activity_master(
    activity_id int unsigned not null auto_increment,
    activity_name	varchar(250) not null,
    activity_description varchar(500),
    status varchar(100) not null,
    created_date datetime  default current_timestamp,
    created_by varchar(25) not null,
    modified_date datetime,
    modified_by varchar(25),
    constraint pk_activity_id primary key (activity_id),
    constraint uk_activity_name unique(activity_name),    
    constraint fk_activity_master_created_by foreign key (created_by)
        references users (username),
    constraint fk_activity_master_modified_by foreign key (modified_by)
        references users (username)
);

create table epc_activity_detail(
    activity_detail_id int unsigned not null auto_increment,
    activity_id	int unsigned not null ,
    activity_key varchar(250) not null,
    activity_value varchar(2000) not null,
    status varchar(100) not null,
    created_date datetime  default current_timestamp,
    created_by varchar(25) not null,
    modified_date datetime,
    modified_by varchar(25),
    constraint pk_activity_detail_id primary key (activity_detail_id),
constraint uk_activity_id_key unique(activity_id, activity_key),
constraint fk_activity_detail_activity_id foreign key (activity_id)
        references epc_activity_master (activity_id),
constraint fk_activity_detail_created_by foreign key (created_by)
        references users (username),
constraint fk_activity_detail_modified_by foreign key (modified_by)
        references users (username)    
);

create table epc_activity_channel_rule (
    activity_channel_rule_id int unsigned not null auto_increment,
    activity_id int unsigned not null,
    sales_channel varchar(100) ,
    initiating_channel varchar(100) ,
    is_consent_required	tinyint(1),
    notification_template_id	int unsigned,
    is_future_date	tinyint(1),
    currency	varchar(100) ,
    status varchar(100) not null,
    created_date datetime  default current_timestamp,
    created_by varchar(25) not null,
    modified_date datetime,
    modified_by varchar(25),
    constraint pk_activity_channel_rule_id primary key (activity_channel_rule_id),
    constraint fk_activity_channel_rule_activity_type foreign key (activity_id)
        references epc_activity_master (activity_id),
    constraint fk_activity_channel_rule_notif_tpl_id foreign key (notification_template_id)
        references epc_notification_template (notification_template_id),
    constraint fk_activity_channel_rule_created_by foreign key (created_by)
        references users (username),
    constraint fk_activity_channel_rule_modified_by foreign key (modified_by)
        references users (username)
);

create table epc_notification_template_detail (
  notification_template_detail_id int(10) unsigned not null auto_increment,
  notification_template_id int(10) unsigned not null ,
  template_language varchar(100) not null,
  template_subject varchar(2000),
  template_body text,
  status varchar(100) not null,
  created_date datetime default null,
  created_by varchar(25) not null,
  modified_date datetime default null,
  modified_by varchar(25) default null,
  constraint pk_notification_template_detail_id primary key(notification_template_detail_id),
  constraint uk_notif_template_id_language unique key (notification_template_id,template_language),
  constraint fk_notif_template_detail_created_by foreign key (created_by) references users (username),
  constraint fk_notif_template_detail_modified_by foreign key (modified_by) references users (username)
);

create table epc_order_charge	(
    order_charge_id	int unsigned not null auto_increment,
    order_channel_rule_id	int unsigned not null,
    occ_code	varchar(100) ,
    order_charge_fee	decimal(18,6),
    status varchar(100) not null,
    created_date datetime default current_timestamp,
    created_by varchar(25) not null,
    modified_date datetime default null,
    modified_by varchar(25) default null,
    constraint pk_order_charge_id primary key (order_charge_id),
    constraint fk_order_charge_rule_id foreign key (order_channel_rule_id)
        references epc_order_channel_rule (order_channel_rule_id),
    constraint fk_order_charge_created_by foreign key (created_by)
        references users (username),
    constraint fk_order_charge_modified_by foreign key (modified_by)
        references users (username)
) ;

create table epc_activity_charge	(
    activity_charge_id	int unsigned not null auto_increment,
    activity_channel_rule_id	int unsigned not null,
    occ_code	varchar(100) ,
    activity_charge_fee	decimal(18,6) ,
    status varchar(100) not null,
    created_date datetime default current_timestamp,
    created_by varchar(25) not null,
    modified_date datetime default null,
    modified_by varchar(25) default null,
    constraint pk_activity_charge_id primary key (activity_charge_id),
    constraint fk_activity_charge_rule_id foreign key (activity_channel_rule_id)
        references epc_activity_channel_rule (activity_channel_rule_id),
    constraint fk_activity_charge_created_by foreign key (created_by)
        references users (username),
    constraint fk_activity_charge_modified_by foreign key (modified_by)
        references users (username)
);

CREATE TABLE epc_product_provider_system (
    product_provider_system_id INT(10) UNSIGNED NOT NULL AUTO_INCREMENT,
    product_id INT(10) UNSIGNED NOT NULL,
    provider_system_code varchar(100) NOT NULL,
    provider_product_id varchar(100) ,
    provider_product_description VARCHAR(100),
    is_primary_provider TINYINT(1),
    status varchar(100) NOT NULL,
    created_date DATETIME DEFAULT CURRENT_TIMESTAMP,
    created_by VARCHAR(25) NOT NULL,
    modified_date DATETIME DEFAULT NULL,
    modified_by VARCHAR(25) DEFAULT NULL,
    CONSTRAINT product_provider_system_id PRIMARY KEY (product_provider_system_id),
    CONSTRAINT fk_product_provider_system_product_id FOREIGN KEY (product_id)        REFERENCES epc_product_specification (product_id),
    CONSTRAINT fk_product_provider_system_created_by FOREIGN KEY (created_by)        REFERENCES users (username),
    CONSTRAINT fk_product_provider_system_modified_by FOREIGN KEY (modified_by)        REFERENCES users (username)
) ;

create table epc_tariff_override (
    tariff_override_id int unsigned not null auto_increment,
    addon_product_id varchar(50),
    attribute_name varchar(100),
    priority int(4),
    rateplan_product_id varchar(50),
    other_product_id_1 varchar(50),
    other_product_id_2 varchar(50),
    other_product_id_3 varchar(50),
    other_product_id_4 varchar(50),
    attribute_name_0 varchar(200),
    attribute_value_0 varchar(200),
    attribute_name_1 varchar(200),
    attribute_value_1 varchar(200),
    attribute_name_2 varchar(200),
    attribute_value_2 varchar(200),
    attribute_name_3 varchar(200),
    attribute_value_3 varchar(200),
    attribute_name_4 varchar(200),
    attribute_value_4 varchar(200),
    attribute_name_5 varchar(200),
    attribute_value_5 varchar(200),
    attribute_name_6 varchar(200),
    attribute_value_6 varchar(200),
    attribute_name_7 varchar(200),
    attribute_value_7 varchar(200),
    attribute_name_8 varchar(200),
    attribute_value_8 varchar(200),
    attribute_name_9 varchar(200),
    attribute_value_9 varchar(200),
    override_tariff_amount decimal(18 , 6 ),
    tariff_currency varchar(200),
    status varchar(100) not null,
    created_date datetime default current_timestamp,
    created_by varchar(25) not null,
    modified_date datetime,
    modified_by varchar(25),
    constraint pk_tariff_override_id primary key (tariff_override_id)
);


create table epc_partner_msisdn (
    partner_msisdn_id int unsigned not null auto_increment,
    partner_msisdn  VARCHAR(15),
    created_date datetime default current_timestamp,
    created_by varchar(25) not null,
    constraint pk_partner_msisdn_id primary key (partner_msisdn_id),
    constraint uk_partner_msisdn unique (partner_msisdn)
);
	
</sql>
</changeSet>
<changeSet id="Transactions_basic" author="Vimala" dbms="h2,mysql">
   <preConditions onFail="MARK_RAN">
	 	<not><tableExists tableName="transactions"/></not>
	 </preConditions>
   <comment>create table script</comment>
   <sql splitStatements="true"> 
   create table transactions
  (
    id            int not null auto_increment,
    txn_code      varchar(200),
    txn_type      varchar(200),
    txn_request   varchar(4000),
    txn_response  longtext,
    txn_timestamp datetime,
    primary key (id) 
  );
   </sql>
 </changeSet> 
	
<changeSet id="config_basics" author="Namrata" >	
<preConditions onFail="MARK_RAN">
	 	<not><tableExists tableName="config"/></not>
	 </preConditions>
<comment>CREATE CONFIGURATION TABLE</comment>
	<sql splitStatements="true">
	 create table config 
(
  id int unsigned not null auto_increment,
  config_group varchar(100), 
  config_key varchar(100), 
  config_value varchar(100), 
  description varchar(256),
  status varchar(100) not null,
  created_date datetime  default current_timestamp,
  created_by varchar(25) not null,
  modified_date datetime,
  modified_by varchar(25),
  primary key (id) 
);
	</sql>
</changeSet>
 
 <changeSet id="config_serverStatus" author="Sampath">	
<preConditions onFail="MARK_RAN">
	 	<not><tableExists tableName="server_status"/></not>
	 </preConditions>
<comment>CREATE SERVER STATUS TABLE</comment>
	<sql splitStatements="true">
	
	 create table server_status 
(
  serial_num int unsigned not null auto_increment,
  server_name varchar(100), 
  value int, 
  primary key (serial_num) ,
   unique (server_name)
);

create table generic_file (
  upload_id varchar(100) not null ,
  file_name varchar(45) default null,
  file_type varchar(45) default null,
  file longblob,
  primary key (upload_id)
);
	</sql>
	
</changeSet>
 <changeSet id="logger_basics" author="Supratim">	
<preConditions onFail="MARK_RAN">
	 	<not><tableExists tableName="logging_event"/></not>
	 </preConditions>
<comment>TABLEs FOR LOGGER(Spring)</comment>
	<sql splitStatements="true">
	CREATE TABLE logging_event 
  (
    timestmp         BIGINT NOT NULL,
    formatted_message  TEXT NOT NULL,
    logger_name       VARCHAR(254) NOT NULL,
    level_string      VARCHAR(254) NOT NULL,
    thread_name       VARCHAR(254),
    reference_flag    SMALLINT,
    arg0              VARCHAR(254),
    arg1              VARCHAR(254),
    arg2              VARCHAR(254),
    arg3              VARCHAR(254),
    caller_filename   VARCHAR(254) NOT NULL,
    caller_class      VARCHAR(254) NOT NULL,
    caller_method     VARCHAR(254) NOT NULL,
    caller_line       CHAR(4) NOT NULL,
    event_id          BIGINT NOT NULL AUTO_INCREMENT PRIMARY KEY
  );


CREATE TABLE logging_event_property
  (
    event_id	      BIGINT NOT NULL,
    mapped_key        VARCHAR(254) NOT NULL,
    mapped_value      TEXT,
    PRIMARY KEY(event_id, mapped_key),
    FOREIGN KEY (event_id) REFERENCES logging_event(event_id)
  );

CREATE TABLE logging_event_exception
  (
    event_id         BIGINT NOT NULL,
    i                SMALLINT NOT NULL,
    trace_line       VARCHAR(254) NOT NULL,
    PRIMARY KEY(event_id, i),
    FOREIGN KEY (event_id) REFERENCES logging_event(event_id)
  );
	</sql>
</changeSet>

<changeSet author="Supratim" id="epcTables_flexiPaln" dbms="H2,mysql">
<preConditions onFail="MARK_RAN">
	 	<not><tableExists tableName="epc_flexi_plan"/></not>
	 </preConditions>
	<comment>Create Flexi Plan Table</comment>
	<sql splitStatements="true">
	create table epc_flexi_plan (
    flexi_plan_id int unsigned not null auto_increment,
    flexi_plan_type varchar(100),
    validity_in_days int(10) ,
    data_range_start int(10) ,
    data_range_end int(10) ,
    voice_range_start int(10) ,
    voice_range_end int(10) ,
    sms_range_start int(10) ,
    sms_range_end int(10) ,
    price decimal(18 , 6 ) ,
    status varchar(100) not null,
    created_by  varchar(25) not null,
    created_date datetime default current_timestamp,
    modified_by varchar(25),
    modified_date datetime,
    primary key (flexi_plan_id),
    CONSTRAINT fk_flexi_plan_created_by FOREIGN KEY (created_by) REFERENCES users (username),
    CONSTRAINT fk_flexi_plan_modified_by FOREIGN KEY (modified_by) REFERENCES users (username)
	);
	
	alter table  config add CONSTRAINT fk_config_modified_by FOREIGN KEY (modified_by) REFERENCES users (username);

	alter table  epc_tariff_override add CONSTRAINT fk_tariff_override_created_by FOREIGN KEY (created_by) REFERENCES users (username);
	alter table  epc_tariff_override add CONSTRAINT fk_tariff_override_modified_by FOREIGN KEY (modified_by) REFERENCES users (username);

	alter table  epc_partner_msisdn add CONSTRAINT fk_partner_msisdn_created_by FOREIGN KEY (created_by) REFERENCES users (username);
	
	</sql>
</changeSet>

<changeSet author="Supratim" id="alter_specification_And_community" dbms="H2,mysql">
<preConditions onFail="MARK_RAN">
	 	<columnExists tableName="epc_product_specification" columnName="is_redeemable"/>
	 	<not><columnExists tableName="epc_product_community" columnName="community_short_code"/></not>
	 </preConditions>
	<comment>Alter Specification Table and Add 3 columns in community</comment>
	<sql splitStatements="true">
	alter table epc_product_specification change is_redeemable is_special_product tinyint(1);
	
	alter table epc_product_community add cug_id varchar(100);
	alter table epc_product_community add community_short_code varchar(100) not null;
	alter table epc_product_community add is_vat_exempted tinyint(1);	
	</sql>
</changeSet>


<changeSet author="Supratim" id="alter_community" dbms="H2,mysql">
<preConditions onFail="MARK_RAN">
	 	
	 	<not><columnExists tableName="epc_product_community" columnName="remarks"/></not>
	 </preConditions>
	<comment>Alter/add remarks column in community</comment>
	<sql splitStatements="true">
		alter table epc_product_community add remarks varchar(1000);	
	</sql>
</changeSet>

<changeSet author="Supratim" id="alter_product_provider_system_desc" dbms="H2,mysql">
<preConditions onFail="MARK_RAN">
	 	<columnExists tableName="epc_product_provider_system" columnName="provider_product_description"/>
	 </preConditions>
	<comment>Alter product description column in provider system</comment>
	<sql splitStatements="true">
		alter table epc_product_provider_system modify  provider_product_description  varchar(2000);
	</sql>
</changeSet>

<changeSet author="Supratim" id="cache_eligibility" dbms="H2,mysql">
<preConditions onFail="MARK_RAN">
	 	<not><tableExists tableName="cache_eligibility"/></not>
	 </preConditions>
	<comment>Create cache_eligibility Table</comment>
	<sql splitStatements="true">
create table  cache_eligibility 
(
id int unsigned not null auto_increment,
order_type varchar(250),
optional_product_id varchar(250),
initiating_channel varchar(250),
sales_channel varchar(250),
community_id varchar(250),
other_product_id1 varchar(250),
other_product_id2 varchar(250),
other_product_id3 varchar(250),
other_product_id4 varchar(250),
start_date varchar(250),
action_type varchar(250),
bypass_eligibility_check varchar(250),
slab_id varchar(250),
customer_rate_plan_id varchar(250),
subscribed_add_on_id varchar(250),
source_system varchar(250),
data int(10),
data_unit varchar(250),
voice int(10),
voice_unit varchar(250),
voice_type varchar(250),
sms int(10),
validity int(10),
flexi_price decimal(18,6),
with_nta varchar(250),
with_ta varchar(250),
with_provider varchar(250),
with_tor varchar(250),
with_decomposition varchar(250),
with_notification varchar(250),
with_ocr varchar(250),
with_init_channel varchar(250),
with_char varchar(250),
with_tariff varchar(250),
response longtext,
constraint pk_id primary key (id)
);

	</sql>
</changeSet>

<changeSet author="Supratim" id="alter_product_community" dbms="H2,mysql">
<preConditions onFail="MARK_RAN">
	 	<not><columnExists tableName="epc_product_community" columnName="community_status"/></not>
	 </preConditions>
	<comment>Add community_status column in community</comment>
	<sql splitStatements="true">
		alter table epc_product_community add community_status varchar(100);
	</sql>
</changeSet>

<changeSet author="Supratim" id="alter_product_community_01" dbms="H2,mysql">
<preConditions onFail="MARK_RAN">
	 	<foreignKeyConstraintExists  foreignKeyName="fk_product_community_created_by"/>
	 </preConditions>
	<comment>drop created_by, modified_by column in community</comment>
	<sql splitStatements="true">		
	alter table epc_product_community drop FOREIGN KEY fk_product_community_created_by;
	alter table epc_product_community drop FOREIGN KEY fk_product_community_modified_by;
	</sql>
</changeSet>

<changeSet author="Kunal" id="alter_product_specification" dbms="H2,mysql">
<preConditions onFail="MARK_RAN">
	 	<not><columnExists tableName="epc_product_specification" columnName="is_corporate_specific"/></not>
	 </preConditions>
	<comment>Add Is_corporate_specific column in Specification</comment>
	<sql splitStatements="true">
		alter table epc_product_specification add is_corporate_specific tinyint(1) unsigned;
	</sql>
</changeSet>

<changeSet author="Supratim" id="cached_product_details" dbms="H2,mysql">
<preConditions onFail="MARK_RAN">
	 	<not><tableExists tableName="cached_product_details"/></not>
	 </preConditions>
	<comment>Create cached_product_details Table</comment>
	<sql splitStatements="true">
	   create table cached_product_details
  (
    id    int unsigned not null,
    value  longblob,
    status varchar(100),
    constraint pk_cached_product_details_id primary key(id)
  );
	
	</sql>
</changeSet>

<changeSet author="Ashweeja" id="reload_status" dbms="H2,mysql">
<preConditions onFail="MARK_RAN">
	 	<not><tableExists tableName="reload_status"/></not>
	 </preConditions>
	<comment>Create reload_status Table</comment>
	<sql splitStatements="true">
	   create table reload_status
  (
    id int unsigned not null auto_increment,
    status  varchar(100),
    request varchar(100),
    remarks text,
    constraint pk_reload_id primary key(id)
  );
	
	</sql>
</changeSet>

<changeSet author="Ashweeja" id="alter_reload_status" dbms="H2,mysql">
<preConditions onFail="MARK_RAN">
	 	<not><columnExists tableName="reload_status" columnName="created_date"/></not>
	 </preConditions>
	<comment>Add created_date,modified_date columns in reload_status</comment>
	<sql splitStatements="true">
		alter table reload_status add created_date  datetime  default current_timestamp;
		alter table reload_status add modified_date  datetime  default current_timestamp;
	</sql>
</changeSet>

<changeSet author="Keerthi" id="broadcast_logs_table" dbms="H2,mysql">
<preConditions onFail="MARK_RAN">
	 	<not><tableExists tableName="broadcast_logs"/></not>
	 </preConditions>
	<comment>Create broadcast_logs Table</comment>
	<sql splitStatements="true">
	create table broadcast_logs(
			ID int NOT NULL AUTO_INCREMENT,
			url varchar(500), 
			response longtext,
			broadcast_timestamp datetime,
			broadcasted_from varchar(500),
			PRIMARY KEY (ID)
	); 
	
	</sql>
</changeSet>

<changeSet author="Supratim" id="alter_flexi_plan" dbms="H2,mysql">
<preConditions onFail="MARK_RAN">
	 	<not><columnExists tableName="epc_flexi_plan" columnName="market_price"/></not>
	 </preConditions>
	<comment>Add market_price column in flexi_plan</comment>
	<sql splitStatements="true">
		alter table epc_flexi_plan add market_price decimal(18,6) after price;
	</sql>
</changeSet>
</databaseChangeLog>