<?xml version="1.0" encoding="UTF-8"?> 
<databaseChangeLog 
  xmlns="http://www.liquibase.org/xml/ns/dbchangelog/1.9" 
  xmlns:xsi="http://www.w3.org/2001/XMLSchema-instance" 
  xsi:schemaLocation="http://www.liquibase.org/xml/ns/dbchangelog/1.9
                      http://www.liquibase.org/xml/ns/dbchangelog/dbchangelog-1.9.xsd">

<changeSet id="lookup_sort_order_Upadte" author="Supratim" dbms="mysql" runAlways="true">

   <comment>Updating lookup sortOrder in lookup master</comment>
     <sqlFile 
            encoding="utf8"  
            endDelimiter="\$\$"         
            path="db/sqlfile/update_lookup_sort_order.sql"        
            splitStatements="true"
            stripComments="true"/>
</changeSet>

 
 <changeSet id="audit_tables_triggers" author="Supratim" dbms="mysql" runOnChange="true">

   <comment>Audits and Triggers</comment>
     <sqlFile 
            encoding="utf8"  
            endDelimiter="\$\$"         
            path="db/sqlfile/audit_tables_triggers.sql"        
            splitStatements="true"
            stripComments="true"/>
</changeSet> 


</databaseChangeLog>