<?xml version='1.0' encoding='utf-8'?>
<!DOCTYPE hibernate-configuration PUBLIC
        "-//Hibernate/Hibernate Configuration DTD 3.0//EN"
        "http://www.hibernate.org/dtd/hibernate-configuration-3.0.dtd">
<hibernate-configuration>        
  <session-factory>
    <!-- Database connection settings -->
    <property name="connection.datasource">SMSDS</property>
    <property name="hibernate.dialect">org.hibernate.dialect.MySQLDialect</property>
    <!-- Enable Hibernate's automatic session context management -->
    <property name="current_session_context_class">thread</property>    
        
    <!-- <property name="connection.driver_class">com.mysql.jdbc.Driver</property> -->
    <!--SIT <property name="connection.url">jdbc:mysql://10.10.21.29:3360/smsc</property>  -->   
    <!--  <property name="connection.url">jdbc:mysql://10.21.9.198:3360/smsc</property> -->
     <!-- <property name="connection.url">jdbc:mysql://10.21.9.198:3360/smsc</property> -->
     
    
    <!-- Oracle -->
    <!--  <property name="hibernate.dialect">org.hibernate.dialect.Oracle10gDialect</property>   -->
    <!-- <property name="connection.driver_class">oracle.jdbc.OracleDriver</property>  -->
    <!-- <property name="connection.url">jdbc:oracle:thin:@10.107.75.79:1521/xe</property>   -->    
    
          
    <!--   <property name="connection.username">test</property> -->
    <!--   <property name="connection.password">test123</property>   -->
    <!--<property name="connection.username">sms_admin</property>  -->
    <!--<property name="connection.password">sms_admin</property> -->
    <property name="connection.autocommit">true</property>
    <property name="show_sql">true</property>
    <mapping resource="com/wipro/gp/bean/ValidSms.hbm.xml"/>
    <mapping resource="com/wipro/gp/bean/ESBValidSms.hbm.xml"/>
    <mapping resource="com/wipro/gp/bean/ThrottledManager.hbm.xml"/>    
      
  </session-factory>
</hibernate-configuration>