<?xml version='1.0' encoding='utf-8'?>
<!DOCTYPE hibernate-configuration PUBLIC
        "-//Hibernate/Hibernate Configuration DTD 3.0//EN"
        "http://www.hibernate.org/dtd/hibernate-configuration-3.0.dtd">
<hibernate-configuration>        
  <session-factory>
    <!-- Database connection settings -->
    <property name="hibernate.dialect">org.hibernate.dialect.MySQLDialect</property>
    <!-- <property name="dialect">org.hibernate.dialect.MySQLDialect</property> -->
    
    <property name="connection.driver_class">com.mysql.jdbc.Driver</property>
    <!-- <property name="connection.url">jdbc:mysql://10.21.9.199:3360/smsc</property> -->    
    <!-- <property name="connection.username">sms_admin</property> -->
    <!-- <property name="connection.password">sms_admin</property> -->
    <property name="hibernate.jdbc.batch_size">5</property>
    <property name="hibernate.connection.release_mode">on_close</property>
    <property name="hibernate.connection.autocommit">true</property>    
    <property name="hibernate.order_updates">true</property>
    <property name="show_sql">true</property>
    
   

<property name="hibernate.connection.provider_class">org.hibernate.connection.C3P0ConnectionProvider</property>
 <property name="hibernate.c3p0.min_size">25</property>
 <property name="hibernate.c3p0.max_size">53</property>
 <property name="hibernate.c3p0.timeout">60</property>
 <property name="hibernate.c3p0.max_statements">50</property>
 <property name="hibernate.c3p0.idle_test_period">50</property>
 <property name="hibernate.c3p0.validate">true</property>
 <property name="hibernate.connection.provider_class">org.hibernate.service.jdbc.connections.internal.C3P0ConnectionProvider</property>
 

    
    <mapping resource="com/wipro/gp/bean/InValidSms.hbm.xml"/>
      
  </session-factory>
</hibernate-configuration>