<?xml version="1.0"?>
<!DOCTYPE hibernate-mapping PUBLIC
        "-//Hibernate/Hibernate Mapping DTD 3.0//EN"
        "http://www.hibernate.org/dtd/hibernate-mapping-3.0.dtd">

<hibernate-mapping package="com.wipro.ar.bean">

   <!-- <class name="ARNotification" table="tbl_ar_notification"> -->   	
   <class name="ARNotification" table="tbl_ar_notification" dynamic-update="true">    	
    	
        <id name="recordNum" column="record_num" type="long">
            <generator class="increment"/>
        </id>
        
        <property name="grp" type="int" column="GRP_NUM"/> 
        <property name="batchId" type="string" column="batch_id"/>
        <property name="msisdn" type="string" column="msisdn"/>
        <property name="productId" type="string" column="product_id"/>
        <property name="createdTime" type="date" column="created_time"/>
        <property name="startDate" type="date" column="start_date"/>
        <property name="endDate" type="date" column="end_date"/>   
        <property name="status" type="string" column="status"/>
        <property name="sendingResponse" type="string" column="sending_response"/>
        <property name="tdfName" type="string" column="tdf_name"/>  
        <property name="tdfAmount" type="float" column="tdf_amount"/>        
        <property name="productType" type="string" column="product_type"/>
        <property name="template" type="string" column="template"/>
        
    </class>    

</hibernate-mapping>