<?xml version="1.0"?>
<!DOCTYPE hibernate-mapping PUBLIC
        "-//Hibernate/Hibernate Mapping DTD 3.0//EN"
        "http://www.hibernate.org/dtd/hibernate-mapping-3.0.dtd">

<hibernate-mapping package="com.wipro.gp.bean">

    <class name="NotificationFailure" table="tbl_ar_failure" dynamic-update="true">
        <id name="recordNo" column="RECORD_NUM" type="long">
            <generator class="increment"/>
        </id>
         <property name="grpNo" type="int" column="GRP_NUM"/> 
        <property name="batchId" type="string" column="BATCH_ID"/>
        <property name="msisdn" type="string" column="MSISDN"/>        
        <property name="productId" type="string" column="PRODUCT_ID"/>
        <property name="creationTime" type="string" column="CREATED_TIME"/>
        <property name="startDate" type="string" column="START_DATE"/>
        <property name="endDate" type="string" column="END_DATE"/>
        <property name="status" type="string" column="STATUS"/>
        <property name="tdfName" type="string" column="TDF_NAME"/>
        <property name="tdfAmount" type="string" column="TDF_AMOUNT"/>                   
        <property name="productType" type="string" column="PRODUCT_TYPE"/>
        <property name="template" type="string" column="TEMPLATE"/>
        
    </class>    

</hibernate-mapping>