<?xml version='1.0' encoding='utf-8'?>
<!DOCTYPE hibernate-configuration PUBLIC
        "-//Hibernate/Hibernate Configuration DTD 3.0//EN"
        "http://www.hibernate.org/dtd/hibernate-configuration-3.0.dtd">
<hibernate-configuration>        
  <session-factory>
    <!-- Database connection settings -->
    <property name="hibernate.dialect">org.hibernate.dialect.MySQLDialect</property>
    <property name="connection.driver_class">com.mysql.jdbc.Driver</property>     
    <property name="connection.url">jdbc:mysql://10.21.9.198:3360/arnotification</property>
    <!-- <property name="connection.url">jdbc:mysql://localhost:3306/smsc</property>  -->    
    <property name="connection.username">notif_admin</property>
    <property name="connection.password">notif_admin</property>    
    <property name="show_sql">true</property>    
    <mapping resource="com/wipro/gp/bean/NotificationSuccess.hbm.xml"/>    
      
  </session-factory>
</hibernate-configuration>